PM2.5,PM10,NO2,NH3,SO2,CO,OZONE,AQI
68.0,64.0,17.0,4.0,28.0,31.0,40.0,68.0
67.0,70.0,23.0,2.0,13.0,49.0,77.0,77.0
32.0,141.6742671009772,26.0,5.0,6.0,19.0,16.0,32.0
93.0,93.0,31.0,3.0,9.0,57.0,61.0,93.0
60.0,55.0,20.0,5.0,18.0,29.0,53.0,60.0
48.0,52.0,25.0,3.0,12.0,43.0,67.0,67.0
36.0,41.0,31.0,5.0,5.0,33.0,14.0,41.0
27.0,43.0,23.0,3.0,11.0,44.0,61.0,61.0
54.0,54.0,15.0,5.0,21.0,30.0,51.0,54.0
48.0,53.0,24.0,3.0,13.0,39.0,69.0,69.0
24.0,35.0,29.0,5.0,6.0,16.0,16.0,35.0
53.0,63.0,24.0,3.0,12.0,48.0,59.0,63.0
59.0,57.0,15.0,5.0,20.0,30.0,63.0,63.0
55.0,58.0,24.0,3.0,14.0,43.0,82.0,82.0
22.0,34.0,26.0,4.0,6.0,17.0,15.0,34.0
65.0,72.0,25.0,3.0,12.0,50.0,70.0,72.0
66.0,61.0,15.0,5.0,23.0,36.0,57.0,66.0
74.0,70.0,22.0,3.0,13.0,48.0,82.0,82.0
20.0,30.0,23.0,4.0,5.0,16.0,14.0,30.0
83.0,86.0,27.0,3.0,12.0,55.0,77.0,86.0
69.0,63.0,15.0,5.0,24.0,37.0,54.0,69.0
78.0,72.0,22.0,3.0,14.0,48.0,80.0,80.0
19.0,30.0,22.0,4.0,5.0,16.0,14.0,30.0
85.0,88.0,28.0,3.0,12.0,55.0,76.0,88.0
131.0,94.0,15.0,5.0,26.0,34.0,60.0,131.0
109.0,90.0,21.0,3.0,17.0,42.0,86.0,109.0
23.0,33.0,25.0,4.0,5.0,25.0,19.0,33.0
99.0,102.0,32.0,3.0,13.0,50.0,68.0,102.0
132.0,95.0,15.0,5.0,26.0,33.0,63.0,132.0
110.0,90.0,21.0,3.0,17.0,44.0,89.0,110.0
23.0,34.0,25.0,4.0,6.0,27.0,20.0,34.0
99.0,102.0,32.0,3.0,13.0,50.0,70.0,102.0
142.0,98.0,13.0,3.0,15.0,33.0,18.0,142.0
225.0,157.0,11.0,4.0,16.0,36.0,18.0,225.0
141.0,104.0,11.0,4.0,15.0,27.0,19.0,141.0
144.0,106.0,12.0,4.0,15.0,26.0,20.0,144.0
168.0,132.0,13.0,4.0,15.0,50.0,20.0,168.0
177.0,147.0,13.0,4.0,15.0,60.0,19.0,177.0
224.0,207.0,16.0,4.0,16.0,46.0,19.0,224.0
224.0,206.0,16.0,4.0,16.0,39.0,21.0,224.0
98.0,141.6742671009772,6.0,8.402852049910873,18.0,65.0,24.0,98.0
366.0,141.6742671009772,30.0,8.402852049910873,15.0,33.0,25.0,366.0
368.0,141.6742671009772,5.0,8.402852049910873,13.0,87.0,36.0,368.0
276.0,171.0,51.0,11.0,8.0,90.0,9.0,276.0
245.0,170.0,79.0,10.0,10.0,57.0,5.0,245.0
311.0,181.0,24.0,4.0,16.427413411938097,48.0,43.0,311.0
98.0,141.6742671009772,6.0,8.402852049910873,18.0,42.0,34.0,98.0
271.0,141.6742671009772,30.0,8.402852049910873,20.0,42.0,50.0,271.0
182.89870689655172,141.6742671009772,46.5886925795053,8.402852049910873,16.427413411938097,51.29509283819629,29.813642756680732,239.0
110.0,115.0,36.0,9.0,7.0,119.0,11.0,119.0
114.0,107.0,62.0,7.0,10.0,42.0,4.0,114.0
182.0,105.0,19.0,4.0,16.427413411938097,47.0,32.0,182.0
121.0,141.6742671009772,9.0,8.402852049910873,18.0,44.0,29.0,121.0
310.0,141.6742671009772,30.0,8.402852049910873,21.0,79.0,38.0,310.0
182.89870689655172,141.6742671009772,46.5886925795053,8.402852049910873,16.427413411938097,56.0,40.0,239.0
107.0,112.0,33.0,13.0,7.0,109.0,17.0,112.0
110.0,115.0,76.0,7.0,9.0,50.0,3.0,115.0
182.89870689655172,141.6742671009772,46.5886925795053,8.402852049910873,16.427413411938097,48.0,50.0,239.0
122.0,141.6742671009772,9.0,8.402852049910873,18.0,54.0,29.0,122.0
327.0,141.6742671009772,30.0,8.402852049910873,23.0,68.0,40.0,327.0
182.89870689655172,141.6742671009772,46.5886925795053,8.402852049910873,16.427413411938097,74.0,31.0,239.0
121.0,116.0,35.0,13.0,7.0,105.0,21.0,121.0
125.0,123.0,82.0,7.0,9.0,65.0,3.0,125.0
182.89870689655172,141.6742671009772,46.5886925795053,8.402852049910873,16.427413411938097,63.0,34.0,239.0
149.0,141.6742671009772,12.0,8.402852049910873,18.0,51.0,57.0,149.0
359.0,141.6742671009772,30.0,8.402852049910873,24.0,71.0,22.0,359.0
182.89870689655172,141.6742671009772,46.5886925795053,8.402852049910873,16.427413411938097,106.0,150.0,239.0
156.0,129.0,38.0,13.0,7.0,115.0,15.0,156.0
172.0,150.0,89.0,7.0,10.0,97.0,4.0,172.0
182.89870689655172,141.6742671009772,46.5886925795053,8.402852049910873,16.427413411938097,90.0,14.0,239.0
151.0,141.6742671009772,12.0,8.402852049910873,18.0,53.0,61.0,151.0
365.0,141.6742671009772,30.0,8.402852049910873,23.0,80.0,17.0,365.0
381.0,141.6742671009772,5.0,8.402852049910873,10.0,106.0,57.0,381.0
164.0,132.0,39.0,14.0,7.0,118.0,12.0,164.0
181.0,156.0,89.0,7.0,10.0,99.0,4.0,181.0
182.89870689655172,141.6742671009772,46.5886925795053,8.402852049910873,16.427413411938097,95.0,10.0,239.0
170.0,141.6742671009772,12.0,8.402852049910873,18.0,43.0,47.0,170.0
396.0,141.6742671009772,30.0,8.402852049910873,22.0,44.0,35.0,396.0
395.0,141.6742671009772,5.0,8.402852049910873,9.0,68.0,39.0,395.0
246.0,164.0,44.0,14.0,7.0,122.0,8.0,246.0
284.0,195.0,96.0,8.0,10.0,79.0,3.0,284.0
337.0,195.0,26.0,4.0,16.427413411938097,95.0,16.0,337.0
174.0,141.6742671009772,12.0,8.402852049910873,18.0,41.0,49.0,174.0
395.0,141.6742671009772,30.0,8.402852049910873,24.0,45.0,41.0,395.0
398.0,141.6742671009772,5.0,8.402852049910873,9.0,71.0,41.0,398.0
253.0,167.0,45.0,14.0,7.0,115.0,10.0,253.0
290.0,198.0,97.0,8.0,10.0,81.0,4.0,290.0
339.0,198.0,27.0,4.0,16.427413411938097,93.0,22.0,339.0
85.0,91.0,14.0,11.0,14.0,37.0,10.0,91.0
103.0,105.0,17.0,9.0,11.0,25.0,14.0,105.0
68.0,82.0,17.0,9.0,11.0,25.0,7.0,82.0
68.0,78.0,17.0,9.0,12.0,26.0,8.0,78.0
63.0,65.0,15.0,10.0,12.0,33.0,8.0,65.0
62.0,64.0,15.0,10.0,12.0,36.0,8.0,64.0
55.0,52.0,13.0,10.0,12.0,40.0,8.0,55.0
54.0,51.0,13.0,10.0,12.0,40.0,8.0,54.0
355.0,288.0,61.0,4.0,15.0,74.0,47.0,355.0
375.0,141.6742671009772,64.0,14.0,24.0,39.0,63.0,375.0
335.0,286.0,52.0,12.0,21.0,160.0,20.0,335.0
300.0,246.0,12.0,8.402852049910873,16.427413411938097,82.0,38.0,300.0
182.89870689655172,141.6742671009772,46.5886925795053,8.402852049910873,16.427413411938097,71.0,45.0,306.0
317.0,303.0,79.0,8.402852049910873,16.427413411938097,64.0,15.0,317.0
324.0,286.0,112.0,6.0,12.0,65.0,26.0,324.0
319.0,281.0,64.0,8.0,21.0,40.0,1.0,319.0
364.0,363.0,73.0,7.0,31.0,151.0,25.0,364.0
323.0,316.0,124.0,8.402852049910873,16.427413411938097,64.0,15.0,323.0
225.0,141.6742671009772,69.0,17.0,16.427413411938097,56.0,29.813642756680732,225.0
310.0,212.0,81.0,5.0,10.0,91.0,15.0,310.0
400.0,375.0,202.0,25.0,11.0,105.0,4.0,400.0
340.0,308.0,104.0,13.0,20.0,150.0,20.0,340.0
271.0,223.0,51.0,8.402852049910873,16.427413411938097,161.0,23.0,271.0
315.0,283.0,90.0,13.0,21.0,56.0,16.0,315.0
278.0,236.0,77.0,11.0,7.0,56.0,8.0,278.0
334.0,271.0,52.0,20.0,16.0,87.0,29.813642756680732,334.0
329.0,141.6742671009772,43.0,8.402852049910873,43.0,55.0,22.0,329.0
327.0,177.0,51.0,12.0,8.0,48.0,51.0,327.0
308.0,297.0,74.0,13.0,16.427413411938097,51.0,37.0,308.0
392.0,358.0,46.5886925795053,20.0,18.0,151.0,22.0,392.0
278.0,236.0,72.0,8.402852049910873,16.427413411938097,105.0,9.0,278.0
335.0,312.0,63.0,14.0,25.0,74.0,28.0,335.0
303.0,276.0,26.0,27.0,5.0,55.0,14.0,303.0
320.0,279.0,72.0,11.0,14.0,96.0,9.0,320.0
314.0,290.0,55.0,14.0,20.0,59.0,28.0,314.0
241.0,220.0,111.0,8.402852049910873,16.427413411938097,33.0,28.0,241.0
301.0,312.0,11.0,3.0,16.0,151.0,27.0,312.0
364.0,337.0,38.0,20.0,7.0,86.0,10.0,364.0
350.0,141.6742671009772,57.0,8.402852049910873,34.0,156.0,20.0,350.0
441.0,394.0,130.0,19.0,22.0,70.0,23.0,441.0
265.0,223.0,53.0,14.0,13.0,52.0,47.0,265.0
275.0,170.0,40.0,10.0,8.0,51.0,46.0,275.0
335.0,305.0,17.0,11.0,20.0,171.0,20.0,335.0
418.0,141.6742671009772,34.0,18.0,22.0,84.0,7.0,418.0
345.0,230.0,62.0,7.0,15.0,42.0,69.0,345.0
343.0,281.0,90.0,12.0,11.0,80.0,63.0,343.0
355.0,263.0,63.0,11.0,13.0,25.0,32.0,355.0
295.0,194.0,7.0,8.402852049910873,16.427413411938097,66.0,53.0,295.0
363.0,249.0,52.0,21.0,14.0,33.0,66.0,363.0
318.0,267.0,67.0,8.402852049910873,16.427413411938097,8.0,11.0,318.0
345.0,141.6742671009772,34.0,5.0,5.0,48.0,77.0,345.0
182.89870689655172,141.6742671009772,46.5886925795053,8.402852049910873,16.427413411938097,26.0,4.0,306.0
336.0,314.0,67.0,6.0,13.0,36.0,29.813642756680732,336.0
304.0,203.0,52.0,8.402852049910873,16.427413411938097,36.0,20.0,304.0
304.0,141.6742671009772,86.0,10.0,6.0,29.0,29.813642756680732,304.0
308.0,156.0,59.0,3.0,6.0,42.0,45.0,308.0
395.0,336.0,206.0,20.0,16.427413411938097,80.0,3.0,395.0
309.0,207.0,101.0,8.402852049910873,19.0,21.0,51.0,309.0
182.89870689655172,141.6742671009772,46.5886925795053,8.402852049910873,16.427413411938097,66.0,54.0,306.0
312.0,201.0,92.0,13.0,16.0,34.0,11.0,312.0
182.89870689655172,141.6742671009772,46.5886925795053,8.402852049910873,16.427413411938097,51.29509283819629,29.813642756680732,306.0
338.0,238.0,45.0,17.0,14.0,45.0,29.813642756680732,338.0
315.0,141.6742671009772,45.0,8.402852049910873,15.0,38.0,39.0,315.0
182.89870689655172,141.6742671009772,46.5886925795053,8.402852049910873,16.427413411938097,35.0,33.0,306.0
323.0,141.6742671009772,55.0,13.0,16.427413411938097,42.0,84.0,323.0
368.0,266.0,60.0,18.0,14.0,36.0,46.0,368.0
275.0,198.0,42.0,8.402852049910873,16.427413411938097,101.0,13.0,275.0
323.0,228.0,80.0,11.0,20.0,60.0,41.0,323.0
303.0,207.0,30.0,26.0,4.0,32.0,30.0,303.0
306.0,193.0,76.0,10.0,14.0,68.0,21.0,306.0
348.0,268.0,82.0,16.0,13.0,62.0,27.0,348.0
270.0,176.0,65.0,8.402852049910873,16.427413411938097,45.0,33.0,270.0
182.89870689655172,141.6742671009772,46.5886925795053,8.402852049910873,16.427413411938097,12.0,38.0,306.0
366.0,253.0,32.0,19.0,5.0,27.0,25.0,366.0
341.0,141.6742671009772,106.0,8.402852049910873,9.0,26.0,48.0,341.0
323.0,249.0,73.0,8.0,7.0,16.0,58.0,323.0
317.0,233.0,54.0,12.0,11.0,51.0,56.0,317.0
289.0,151.0,42.0,10.0,9.0,41.0,108.0,289.0
360.0,270.0,21.0,13.0,15.0,44.0,73.0,360.0
372.0,298.0,34.0,15.0,12.0,79.0,10.0,372.0
182.89870689655172,141.6742671009772,46.5886925795053,8.402852049910873,16.427413411938097,78.0,14.0,306.0
333.0,266.0,85.0,12.0,15.0,111.0,64.0,333.0
344.0,252.0,59.0,10.0,16.0,55.0,8.0,344.0
275.0,181.0,7.0,8.402852049910873,16.427413411938097,78.0,35.0,275.0
371.0,258.0,54.0,19.0,18.0,45.0,19.0,371.0
316.0,243.0,73.0,8.402852049910873,16.427413411938097,15.0,25.0,316.0
343.0,270.0,36.0,5.0,5.0,73.0,29.0,343.0
182.89870689655172,141.6742671009772,46.5886925795053,8.402852049910873,16.427413411938097,55.0,2.0,306.0
350.0,332.0,68.0,7.0,14.0,77.0,15.0,350.0
301.0,206.0,47.0,8.402852049910873,16.427413411938097,72.0,11.0,301.0
238.0,141.6742671009772,90.0,11.0,16.427413411938097,42.0,29.813642756680732,238.0
307.0,157.0,62.0,3.0,8.0,80.0,11.0,307.0
379.0,306.0,203.0,20.0,16.427413411938097,89.0,3.0,379.0
314.0,213.0,108.0,8.402852049910873,19.0,68.0,10.0,314.0
253.0,178.0,42.0,8.402852049910873,16.427413411938097,97.0,18.0,253.0
315.0,202.0,97.0,13.0,18.0,67.0,10.0,315.0
182.89870689655172,141.6742671009772,46.5886925795053,8.402852049910873,16.427413411938097,80.0,5.0,306.0
350.0,231.0,44.0,18.0,15.0,72.0,29.813642756680732,350.0
320.0,141.6742671009772,46.0,8.402852049910873,12.0,35.0,12.0,320.0
182.89870689655172,141.6742671009772,46.5886925795053,8.402852049910873,16.427413411938097,39.0,17.0,306.0
322.0,141.6742671009772,57.0,13.0,16.427413411938097,57.0,32.0,322.0
364.0,251.0,62.0,17.0,14.0,73.0,9.0,364.0
287.0,201.0,40.0,8.402852049910873,16.427413411938097,82.0,6.0,287.0
322.0,220.0,81.0,11.0,19.0,95.0,11.0,322.0
312.0,213.0,31.0,21.0,5.0,70.0,6.0,312.0
310.0,192.0,72.0,9.0,20.0,76.0,8.0,310.0
342.0,237.0,76.0,16.0,16.0,83.0,10.0,342.0
182.89870689655172,141.6742671009772,46.5886925795053,8.402852049910873,16.427413411938097,62.0,22.0,306.0
272.0,217.0,88.0,6.0,18.0,56.0,17.0,272.0
354.0,228.0,34.0,17.0,6.0,56.0,8.0,354.0
340.0,141.6742671009772,109.0,8.402852049910873,9.0,72.0,7.0,340.0
328.0,245.0,86.0,9.0,8.0,94.0,20.0,328.0
318.0,219.0,52.0,13.0,11.0,77.0,19.0,318.0
297.0,151.0,56.0,10.0,10.0,58.0,26.0,297.0
349.0,247.0,22.0,12.0,21.0,76.0,12.0,349.0
366.0,271.0,32.0,14.0,12.0,99.0,8.0,366.0
182.89870689655172,141.6742671009772,46.5886925795053,8.402852049910873,16.427413411938097,62.0,23.0,306.0
348.0,270.0,84.0,12.0,15.0,105.0,63.0,348.0
349.0,253.0,58.0,11.0,15.0,43.0,11.0,349.0
278.0,186.0,7.0,8.402852049910873,16.427413411938097,74.0,39.0,278.0
378.0,268.0,57.0,19.0,20.0,46.0,26.0,378.0
322.0,243.0,77.0,8.402852049910873,16.427413411938097,10.0,28.0,322.0
348.0,267.0,36.0,5.0,5.0,56.0,40.0,348.0
182.89870689655172,141.6742671009772,46.5886925795053,8.402852049910873,16.427413411938097,49.0,2.0,306.0
361.0,346.0,70.0,7.0,15.0,66.0,24.0,361.0
307.0,210.0,46.0,8.402852049910873,16.427413411938097,59.0,12.0,307.0
241.0,141.6742671009772,91.0,11.0,16.427413411938097,42.0,29.813642756680732,241.0
315.0,159.0,63.0,3.0,8.0,77.0,15.0,315.0
381.0,301.0,206.0,20.0,16.427413411938097,92.0,3.0,381.0
329.0,217.0,111.0,8.402852049910873,19.0,52.0,17.0,329.0
274.0,184.0,43.0,8.402852049910873,16.427413411938097,91.0,22.0,274.0
329.0,209.0,100.0,13.0,18.0,69.0,10.0,329.0
182.89870689655172,141.6742671009772,46.5886925795053,8.402852049910873,16.427413411938097,77.0,6.0,306.0
360.0,235.0,44.0,18.0,15.0,69.0,29.813642756680732,360.0
329.0,141.6742671009772,47.0,8.402852049910873,12.0,37.0,17.0,329.0
182.89870689655172,141.6742671009772,46.5886925795053,8.402852049910873,16.427413411938097,38.0,26.0,306.0
337.0,141.6742671009772,59.0,13.0,16.427413411938097,53.0,39.0,337.0
370.0,253.0,63.0,17.0,17.0,61.0,15.0,370.0
300.0,207.0,41.0,8.402852049910873,16.427413411938097,77.0,6.0,300.0
333.0,223.0,80.0,11.0,21.0,89.0,19.0,333.0
325.0,218.0,31.0,22.0,4.0,66.0,13.0,325.0
318.0,195.0,74.0,10.0,22.0,74.0,9.0,318.0
356.0,242.0,70.0,16.0,16.0,78.0,18.0,356.0
182.89870689655172,141.6742671009772,46.5886925795053,8.402852049910873,16.427413411938097,52.0,20.0,306.0
276.0,219.0,91.0,6.0,18.0,39.0,17.0,276.0
360.0,232.0,35.0,17.0,6.0,41.0,11.0,360.0
348.0,141.6742671009772,110.0,8.402852049910873,9.0,65.0,10.0,348.0
336.0,250.0,88.0,9.0,8.0,79.0,22.0,336.0
335.0,224.0,53.0,13.0,11.0,69.0,24.0,335.0
308.0,154.0,61.0,10.0,10.0,52.0,35.0,308.0
359.0,250.0,22.0,12.0,20.0,69.0,21.0,359.0
368.0,271.0,32.0,13.0,12.0,95.0,8.0,368.0
302.0,169.0,51.0,6.0,18.0,52.0,21.0,302.0
338.0,248.0,79.0,12.0,19.0,99.0,74.0,338.0
336.0,233.0,53.0,11.0,15.0,26.0,11.0,336.0
259.0,175.0,8.0,8.402852049910873,16.427413411938097,75.0,35.0,259.0
366.0,254.0,55.0,18.0,19.0,54.0,21.0,366.0
299.0,221.0,81.0,8.402852049910873,16.427413411938097,2.0,13.0,299.0
333.0,240.0,33.0,5.0,5.0,46.0,42.0,333.0
182.89870689655172,141.6742671009772,57.0,4.0,25.0,46.0,2.0,306.0
352.0,321.0,67.0,7.0,14.0,60.0,20.0,352.0
287.0,197.0,42.0,8.402852049910873,16.427413411938097,48.0,11.0,287.0
221.0,141.6742671009772,84.0,11.0,16.427413411938097,35.0,29.813642756680732,221.0
305.0,153.0,62.0,3.0,8.0,70.0,12.0,305.0
356.0,259.0,208.0,20.0,16.427413411938097,82.0,3.0,356.0
311.0,201.0,105.0,8.402852049910873,19.0,41.0,19.0,311.0
261.0,186.0,42.0,8.402852049910873,16.427413411938097,82.0,19.0,261.0
333.0,214.0,97.0,13.0,18.0,48.0,10.0,333.0
182.89870689655172,141.6742671009772,46.5886925795053,8.402852049910873,16.427413411938097,51.0,7.0,306.0
350.0,226.0,44.0,18.0,15.0,66.0,29.813642756680732,350.0
325.0,141.6742671009772,48.0,8.402852049910873,13.0,24.0,14.0,325.0
308.0,164.0,42.0,11.0,8.0,39.0,22.0,308.0
324.0,141.6742671009772,59.0,14.0,16.427413411938097,48.0,31.0,324.0
355.0,228.0,61.0,17.0,19.0,54.0,14.0,355.0
298.0,214.0,42.0,8.402852049910873,16.427413411938097,72.0,6.0,298.0
325.0,214.0,73.0,11.0,21.0,77.0,19.0,325.0
309.0,205.0,30.0,21.0,5.0,44.0,16.0,309.0
310.0,188.0,72.0,10.0,24.0,67.0,9.0,310.0
341.0,218.0,62.0,16.0,16.0,52.0,18.0,341.0
182.89870689655172,141.6742671009772,46.5886925795053,8.402852049910873,16.427413411938097,42.0,18.0,306.0
256.0,205.0,86.0,6.0,18.0,37.0,17.0,256.0
350.0,229.0,34.0,17.0,6.0,35.0,9.0,350.0
349.0,141.6742671009772,107.0,8.402852049910873,12.0,57.0,10.0,349.0
324.0,239.0,84.0,9.0,8.0,55.0,29.0,324.0
330.0,213.0,51.0,13.0,11.0,62.0,21.0,330.0
295.0,147.0,59.0,10.0,11.0,49.0,27.0,295.0
346.0,233.0,21.0,11.0,18.0,47.0,18.0,346.0
361.0,258.0,29.0,13.0,12.0,93.0,7.0,361.0
293.0,164.0,49.0,6.0,18.0,52.0,19.0,293.0
336.0,239.0,78.0,11.0,22.0,99.0,76.0,336.0
331.0,227.0,52.0,11.0,15.0,27.0,9.0,331.0
252.0,174.0,8.0,8.402852049910873,16.427413411938097,76.0,33.0,252.0
361.0,248.0,55.0,18.0,20.0,56.0,17.0,361.0
294.0,213.0,81.0,8.402852049910873,16.427413411938097,3.0,12.0,294.0
326.0,234.0,32.0,5.0,5.0,47.0,38.0,326.0
182.89870689655172,141.6742671009772,46.5886925795053,8.402852049910873,16.427413411938097,47.0,2.0,306.0
347.0,306.0,67.0,7.0,14.0,59.0,17.0,347.0
280.0,194.0,41.0,8.402852049910873,16.427413411938097,49.0,11.0,280.0
211.0,141.6742671009772,83.0,11.0,16.427413411938097,36.0,29.813642756680732,211.0
299.0,150.0,61.0,3.0,7.0,73.0,10.0,299.0
349.0,253.0,208.0,20.0,16.427413411938097,81.0,3.0,349.0
304.0,196.0,105.0,8.402852049910873,19.0,43.0,16.0,304.0
255.0,181.0,42.0,8.402852049910873,16.427413411938097,83.0,17.0,255.0
332.0,211.0,96.0,13.0,18.0,40.0,10.0,332.0
182.89870689655172,141.6742671009772,46.5886925795053,8.402852049910873,16.427413411938097,54.0,7.0,306.0
347.0,223.0,44.0,18.0,15.0,64.0,29.813642756680732,347.0
323.0,141.6742671009772,48.0,8.402852049910873,13.0,27.0,10.0,323.0
305.0,162.0,42.0,11.0,8.0,43.0,17.0,305.0
318.0,141.6742671009772,60.0,14.0,16.427413411938097,47.0,25.0,318.0
349.0,222.0,60.0,17.0,20.0,57.0,10.0,349.0
296.0,214.0,41.0,8.402852049910873,16.427413411938097,72.0,6.0,296.0
320.0,209.0,71.0,10.0,22.0,76.0,15.0,320.0
302.0,200.0,30.0,21.0,5.0,45.0,17.0,302.0
306.0,186.0,72.0,10.0,25.0,69.0,7.0,306.0
336.0,214.0,61.0,16.0,16.0,52.0,17.0,336.0
182.89870689655172,141.6742671009772,46.5886925795053,8.402852049910873,16.427413411938097,42.0,17.0,306.0
248.0,200.0,85.0,6.0,18.0,42.0,17.0,248.0
344.0,225.0,33.0,16.0,6.0,37.0,7.0,344.0
348.0,141.6742671009772,107.0,8.402852049910873,11.0,62.0,8.0,348.0
320.0,235.0,83.0,9.0,8.0,56.0,29.0,320.0
324.0,209.0,51.0,13.0,11.0,62.0,20.0,324.0
290.0,145.0,59.0,10.0,11.0,52.0,21.0,290.0
342.0,229.0,21.0,11.0,18.0,47.0,15.0,342.0
357.0,252.0,28.0,13.0,12.0,93.0,7.0,357.0
217.0,115.0,36.0,6.0,12.0,61.0,12.0,217.0
294.0,174.0,57.0,9.0,28.0,88.0,63.0,294.0
277.0,147.0,43.0,9.0,14.0,46.0,8.0,277.0
188.0,127.0,5.0,8.402852049910873,16.427413411938097,72.0,32.0,188.0
297.0,168.0,52.0,17.0,19.0,65.0,16.0,297.0
225.0,131.0,69.0,8.402852049910873,16.427413411938097,3.0,10.0,225.0
270.0,143.0,27.0,5.0,6.0,71.0,24.0,270.0
182.89870689655172,141.6742671009772,46.5886925795053,8.402852049910873,16.427413411938097,46.0,4.0,306.0
261.0,179.0,65.0,6.0,15.0,54.0,12.0,261.0
182.89870689655172,141.6742671009772,46.5886925795053,8.402852049910873,16.427413411938097,44.0,9.0,306.0
178.0,141.6742671009772,61.0,8.0,6.0,43.0,29.813642756680732,178.0
243.0,122.0,59.0,3.0,8.0,86.0,7.0,243.0
291.0,165.0,205.0,21.0,16.427413411938097,71.0,5.0,291.0
238.0,140.0,90.0,14.0,25.0,54.0,30.0,238.0
209.0,143.0,34.0,8.402852049910873,16.427413411938097,84.0,17.0,209.0
182.89870689655172,141.6742671009772,46.5886925795053,8.402852049910873,16.427413411938097,52.0,12.0,306.0
182.89870689655172,141.6742671009772,46.5886925795053,8.402852049910873,16.427413411938097,98.0,2.0,306.0
285.0,165.0,43.0,16.0,15.0,79.0,29.813642756680732,285.0
270.0,141.6742671009772,49.0,8.402852049910873,15.0,51.0,28.0,270.0
232.0,131.0,47.0,10.0,7.0,39.0,18.0,232.0
244.0,138.0,52.0,12.0,16.427413411938097,40.0,18.0,244.0
280.0,153.0,48.0,17.0,19.0,48.0,7.0,280.0
182.89870689655172,141.6742671009772,46.5886925795053,8.402852049910873,16.427413411938097,54.0,16.0,306.0
258.0,146.0,52.0,10.0,21.0,67.0,10.0,258.0
238.0,145.0,23.0,18.0,5.0,48.0,6.0,238.0
247.0,141.0,68.0,9.0,23.0,67.0,8.0,247.0
252.0,133.0,51.0,13.0,17.0,49.0,10.0,252.0
161.0,118.0,55.0,8.402852049910873,16.427413411938097,38.0,21.0,161.0
143.0,134.0,69.0,5.0,17.0,46.0,24.0,143.0
290.0,141.6742671009772,29.0,15.0,6.0,56.0,8.0,290.0
303.0,141.6742671009772,103.0,8.402852049910873,18.0,67.0,3.0,303.0
244.0,166.0,55.0,6.0,6.0,51.0,17.0,244.0
294.0,177.0,45.0,12.0,13.0,71.0,25.0,294.0
222.0,114.0,54.0,10.0,11.0,52.0,16.0,222.0
294.0,163.0,15.0,10.0,30.0,58.0,17.0,294.0
316.0,193.0,25.0,13.0,11.0,97.0,10.0,316.0
221.0,116.0,37.0,6.0,12.0,61.0,13.0,221.0
296.0,173.0,56.0,9.0,27.0,92.0,65.0,296.0
281.0,147.0,45.0,9.0,14.0,51.0,9.0,281.0
193.0,128.0,5.0,8.402852049910873,16.427413411938097,71.0,34.0,193.0
298.0,167.0,53.0,17.0,18.0,68.0,19.0,298.0
226.0,130.0,65.0,8.402852049910873,16.427413411938097,3.0,10.0,226.0
271.0,141.0,28.0,5.0,6.0,75.0,30.0,271.0
182.89870689655172,141.6742671009772,46.5886925795053,8.402852049910873,16.427413411938097,44.0,4.0,306.0
260.0,174.0,65.0,6.0,15.0,58.0,14.0,260.0
182.89870689655172,141.6742671009772,46.5886925795053,8.402852049910873,16.427413411938097,51.0,11.0,306.0
182.0,141.6742671009772,63.0,8.0,6.0,48.0,29.813642756680732,182.0
249.0,123.0,60.0,3.0,7.0,91.0,7.0,249.0
289.0,162.0,205.0,22.0,16.427413411938097,74.0,5.0,289.0
242.0,140.0,91.0,14.0,25.0,56.0,31.0,242.0
222.0,140.0,34.0,8.402852049910873,16.427413411938097,86.0,17.0,222.0
182.89870689655172,141.6742671009772,46.5886925795053,8.402852049910873,16.427413411938097,52.0,12.0,306.0
182.89870689655172,141.6742671009772,46.5886925795053,8.402852049910873,16.427413411938097,101.0,3.0,306.0
284.0,163.0,44.0,16.0,15.0,84.0,29.813642756680732,284.0
265.0,141.6742671009772,50.0,8.402852049910873,14.0,51.0,21.0,265.0
227.0,127.0,49.0,10.0,7.0,39.0,20.0,227.0
242.0,138.0,52.0,12.0,16.427413411938097,40.0,21.0,242.0
281.0,152.0,49.0,17.0,19.0,49.0,9.0,281.0
182.89870689655172,141.6742671009772,46.5886925795053,8.402852049910873,16.427413411938097,53.0,18.0,306.0
263.0,147.0,51.0,10.0,21.0,67.0,13.0,263.0
241.0,145.0,23.0,18.0,5.0,50.0,5.0,241.0
252.0,142.0,70.0,9.0,23.0,73.0,7.0,252.0
253.0,132.0,52.0,13.0,17.0,52.0,10.0,253.0
164.0,119.0,56.0,8.402852049910873,16.427413411938097,39.0,19.0,164.0
144.0,134.0,69.0,5.0,17.0,48.0,24.0,144.0
291.0,141.6742671009772,30.0,15.0,6.0,60.0,10.0,291.0
303.0,141.6742671009772,102.0,8.402852049910873,17.0,66.0,4.0,303.0
246.0,166.0,55.0,6.0,6.0,52.0,18.0,246.0
293.0,176.0,46.0,12.0,14.0,76.0,28.0,293.0
228.0,115.0,53.0,10.0,11.0,53.0,21.0,228.0
296.0,163.0,15.0,10.0,30.0,63.0,18.0,296.0
318.0,193.0,25.0,13.0,11.0,101.0,10.0,318.0
132.0,118.0,18.0,8.402852049910873,43.0,55.0,24.0,132.0
66.0,76.0,23.0,1.0,5.0,33.0,32.0,76.0
345.0,194.0,30.0,2.0,54.0,79.0,5.0,345.0
232.0,193.0,46.0,9.0,14.0,87.0,9.0,232.0
120.0,113.0,22.0,8.402852049910873,57.0,36.0,24.0,120.0
182.89870689655172,141.6742671009772,46.5886925795053,8.402852049910873,16.427413411938097,51.29509283819629,29.813642756680732,178.0
265.0,162.0,31.0,2.0,88.0,64.0,5.0,265.0
143.0,155.0,80.0,16.0,10.0,30.0,20.0,155.0
69.0,86.0,16.0,8.402852049910873,43.0,39.0,24.0,86.0
182.89870689655172,141.6742671009772,46.5886925795053,8.402852049910873,16.427413411938097,7.0,48.0,178.0
261.0,194.0,27.0,2.0,92.0,83.0,5.0,261.0
81.0,105.0,67.0,14.0,11.0,28.0,14.0,105.0
71.0,90.0,17.0,8.402852049910873,47.0,37.0,24.0,90.0
182.89870689655172,141.6742671009772,46.5886925795053,8.402852049910873,16.427413411938097,27.0,52.0,178.0
182.89870689655172,141.6742671009772,46.5886925795053,8.402852049910873,16.427413411938097,18.0,50.0,178.0
258.0,192.0,24.0,2.0,87.0,65.0,5.0,258.0
85.0,106.0,67.0,14.0,12.0,34.0,20.0,106.0
83.0,103.0,21.0,8.402852049910873,48.0,65.0,24.0,103.0
182.89870689655172,141.6742671009772,46.5886925795053,8.402852049910873,16.427413411938097,88.0,21.0,178.0
182.89870689655172,141.6742671009772,46.5886925795053,8.402852049910873,16.427413411938097,30.0,28.0,178.0
265.0,205.0,28.0,2.0,73.0,67.0,5.0,265.0
118.0,147.0,76.0,16.0,12.0,65.0,12.0,147.0
89.0,107.0,22.0,8.402852049910873,48.0,69.0,24.0,107.0
182.89870689655172,141.6742671009772,46.5886925795053,8.402852049910873,16.427413411938097,83.0,21.0,178.0
182.89870689655172,141.6742671009772,46.5886925795053,8.402852049910873,16.427413411938097,33.0,23.0,178.0
263.0,203.0,27.0,2.0,72.0,71.0,5.0,263.0
128.0,153.0,79.0,16.0,12.0,71.0,8.0,153.0
133.0,144.0,30.0,8.402852049910873,64.0,40.0,24.0,144.0
172.0,136.0,15.0,21.0,53.0,40.0,41.0,172.0
182.89870689655172,141.6742671009772,46.5886925795053,8.402852049910873,16.427413411938097,51.29509283819629,29.813642756680732,178.0
281.0,195.0,35.0,2.0,46.0,92.0,5.0,281.0
162.0,175.0,107.0,20.0,20.0,47.0,9.0,175.0
135.0,145.0,30.0,8.402852049910873,66.0,41.0,24.0,145.0
169.0,135.0,15.0,21.0,52.0,38.0,48.0,169.0
182.89870689655172,141.6742671009772,46.5886925795053,8.402852049910873,16.427413411938097,51.29509283819629,29.813642756680732,178.0
282.0,194.0,36.0,2.0,46.0,88.0,5.0,282.0
168.0,177.0,109.0,21.0,23.0,43.0,11.0,177.0
259.0,171.0,92.0,12.0,30.0,42.0,85.0,259.0
223.0,119.0,95.0,17.0,20.0,53.0,26.0,223.0
289.0,274.0,139.0,21.0,8.0,65.0,7.0,289.0
262.0,145.0,53.0,3.0,30.0,68.0,70.0,262.0
182.89870689655172,141.6742671009772,46.5886925795053,8.402852049910873,16.427413411938097,76.0,43.0,189.0
302.0,141.6742671009772,46.5886925795053,8.402852049910873,60.0,65.0,33.0,302.0
152.0,134.0,43.0,12.0,17.0,53.0,28.0,152.0
261.0,210.0,32.0,8.402852049910873,16.427413411938097,100.0,38.0,261.0
316.0,141.6742671009772,72.0,8.402852049910873,4.0,72.0,11.0,316.0
224.0,130.0,69.0,13.0,21.0,59.0,15.0,224.0
240.0,132.0,9.0,5.0,9.0,46.0,41.0,240.0
153.0,134.0,61.0,18.0,7.0,41.0,16.0,153.0
182.89870689655172,141.6742671009772,46.5886925795053,8.402852049910873,16.427413411938097,51.29509283819629,29.813642756680732,189.0
204.0,160.0,51.0,26.0,45.0,38.0,24.0,204.0
216.0,145.0,40.0,4.0,25.0,35.0,41.0,216.0
183.0,142.0,30.0,19.0,13.0,67.0,34.0,183.0
182.89870689655172,141.6742671009772,46.5886925795053,8.402852049910873,16.427413411938097,69.0,45.0,189.0
238.0,111.0,7.0,9.0,8.0,34.0,14.0,238.0
276.0,181.0,16.0,34.0,4.0,69.0,9.0,276.0
72.0,141.6742671009772,29.0,8.402852049910873,23.0,76.0,26.0,76.0
303.0,300.0,84.0,8.402852049910873,45.0,27.0,49.0,303.0
179.0,141.6742671009772,10.0,8.402852049910873,9.0,58.0,35.0,179.0
182.89870689655172,141.6742671009772,46.5886925795053,8.402852049910873,16.427413411938097,27.0,46.0,189.0
110.0,224.0,39.0,7.0,32.0,128.0,7.0,224.0
195.0,141.0,40.0,8.0,21.0,33.0,41.0,195.0
203.0,150.0,62.0,10.0,6.0,24.0,158.0,203.0
167.0,106.0,69.0,7.0,13.0,65.0,27.0,167.0
182.89870689655172,141.6742671009772,46.5886925795053,8.402852049910873,16.427413411938097,1.0,16.0,189.0
276.0,144.0,39.0,4.0,20.0,28.0,97.0,276.0
110.0,171.0,73.0,11.0,21.0,57.0,62.0,171.0
307.0,141.6742671009772,46.5886925795053,8.402852049910873,45.0,42.0,106.0,307.0
182.89870689655172,141.6742671009772,46.5886925795053,8.402852049910873,16.427413411938097,26.0,40.0,189.0
182.89870689655172,141.6742671009772,46.5886925795053,8.402852049910873,16.427413411938097,104.0,41.0,189.0
293.0,141.6742671009772,72.0,8.402852049910873,6.0,17.0,54.0,293.0
298.0,157.0,75.0,11.0,17.0,53.0,21.0,298.0
301.0,152.0,8.0,5.0,8.0,26.0,48.0,301.0
134.0,126.0,50.0,18.0,5.0,41.0,16.0,134.0
251.0,156.0,40.0,23.0,51.0,22.0,28.0,251.0
243.0,139.0,24.0,3.0,16.427413411938097,20.0,55.0,243.0
224.0,149.0,25.0,17.0,13.0,60.0,56.0,224.0
182.89870689655172,141.6742671009772,46.5886925795053,8.402852049910873,16.427413411938097,46.0,12.0,189.0
246.0,128.0,7.0,10.0,8.0,46.0,12.0,246.0
108.0,141.6742671009772,28.0,8.402852049910873,19.0,5.0,42.0,108.0
182.89870689655172,141.6742671009772,46.5886925795053,8.402852049910873,16.427413411938097,26.0,84.0,189.0
273.0,141.6742671009772,8.0,8.402852049910873,10.0,35.0,39.0,273.0
112.0,132.0,3.0,1.0,50.0,48.0,44.0,132.0
94.0,230.0,50.0,6.0,20.0,124.0,7.0,230.0
268.0,156.0,39.0,8.0,17.0,24.0,42.0,268.0
86.0,94.0,50.0,9.0,7.0,23.0,122.0,122.0
165.0,106.0,68.0,8.0,13.0,97.0,16.0,165.0
348.0,278.0,95.0,13.0,8.0,71.0,5.0,348.0
261.0,138.0,41.0,3.0,15.0,45.0,56.0,261.0
113.0,173.0,61.0,11.0,23.0,71.0,36.0,173.0
298.0,141.6742671009772,46.5886925795053,8.402852049910873,45.0,80.0,33.0,298.0
147.0,132.0,30.0,17.0,8.0,29.0,8.0,147.0
296.0,179.0,25.0,8.402852049910873,16.427413411938097,104.0,24.0,296.0
288.0,141.6742671009772,84.0,8.402852049910873,9.0,72.0,12.0,288.0
294.0,142.0,64.0,12.0,13.0,83.0,10.0,294.0
296.0,138.0,8.0,5.0,6.0,44.0,8.0,296.0
112.0,101.0,48.0,15.0,4.0,44.0,5.0,112.0
182.89870689655172,141.6742671009772,46.5886925795053,8.402852049910873,16.427413411938097,6.0,28.0,189.0
187.0,128.0,38.0,25.0,56.0,40.0,6.0,187.0
158.0,113.0,25.0,3.0,20.0,29.0,11.0,158.0
192.0,150.0,24.0,15.0,12.0,37.0,34.0,192.0
182.89870689655172,141.6742671009772,46.5886925795053,8.402852049910873,16.427413411938097,28.0,33.0,189.0
220.0,135.0,8.0,10.0,8.0,37.0,12.0,220.0
116.0,141.6742671009772,29.0,8.402852049910873,12.0,3.0,9.0,116.0
252.0,230.0,102.0,6.0,37.0,26.0,8.0,252.0
253.0,141.6742671009772,8.0,8.402852049910873,9.0,54.0,28.0,253.0
102.0,123.0,3.0,1.0,51.0,36.0,11.0,123.0
89.0,214.0,50.0,6.0,25.0,122.0,7.0,214.0
120.0,106.0,30.0,8.0,18.0,26.0,21.0,120.0
87.0,89.0,52.0,9.0,8.0,25.0,84.0,89.0
167.0,110.0,70.0,8.0,12.0,90.0,18.0,167.0
353.0,271.0,93.0,12.0,8.0,52.0,8.0,353.0
255.0,136.0,41.0,3.0,17.0,38.0,79.0,255.0
126.0,179.0,65.0,11.0,23.0,60.0,45.0,179.0
310.0,141.6742671009772,46.5886925795053,8.402852049910873,48.0,65.0,47.0,310.0
134.0,126.0,29.0,17.0,7.0,26.0,13.0,134.0
290.0,178.0,26.0,8.402852049910873,16.427413411938097,103.0,34.0,290.0
297.0,141.6742671009772,91.0,8.402852049910873,9.0,59.0,10.0,297.0
290.0,140.0,63.0,12.0,13.0,73.0,14.0,290.0
288.0,135.0,8.0,5.0,6.0,35.0,16.0,288.0
109.0,96.0,48.0,15.0,6.0,40.0,7.0,109.0
182.89870689655172,141.6742671009772,46.5886925795053,8.402852049910873,16.427413411938097,6.0,26.0,189.0
180.0,123.0,41.0,25.0,56.0,43.0,5.0,180.0
157.0,110.0,26.0,3.0,24.0,26.0,14.0,157.0
205.0,156.0,23.0,15.0,12.0,38.0,40.0,205.0
182.89870689655172,141.6742671009772,46.5886925795053,8.402852049910873,16.427413411938097,32.0,31.0,189.0
223.0,133.0,7.0,9.0,8.0,33.0,13.0,223.0
114.0,141.6742671009772,28.0,8.402852049910873,10.0,4.0,7.0,114.0
251.0,232.0,100.0,5.0,31.0,26.0,11.0,251.0
261.0,141.6742671009772,9.0,8.402852049910873,9.0,52.0,29.0,261.0
95.0,115.0,3.0,1.0,52.0,31.0,14.0,115.0
90.0,224.0,49.0,6.0,26.0,121.0,7.0,224.0
119.0,102.0,31.0,8.0,18.0,28.0,16.0,119.0
79.0,77.0,56.0,8.0,10.0,30.0,48.0,79.0
165.0,112.0,74.0,9.0,13.0,87.0,13.0,165.0
342.0,253.0,85.0,12.0,8.0,44.0,7.0,342.0
233.0,128.0,40.0,3.0,24.0,36.0,82.0,233.0
133.0,187.0,66.0,11.0,24.0,70.0,30.0,187.0
309.0,141.6742671009772,46.5886925795053,8.402852049910873,49.0,63.0,34.0,309.0
116.0,113.0,24.0,16.0,6.0,17.0,21.0,116.0
273.0,175.0,27.0,8.402852049910873,16.427413411938097,104.0,32.0,273.0
290.0,141.6742671009772,94.0,8.402852049910873,9.0,66.0,10.0,290.0
252.0,125.0,60.0,12.0,13.0,162.0,13.0,252.0
267.0,125.0,8.0,5.0,5.0,16.0,26.0,267.0
99.0,85.0,47.0,16.0,6.0,35.0,8.0,99.0
182.89870689655172,141.6742671009772,46.5886925795053,8.402852049910873,16.427413411938097,20.0,18.0,189.0
169.0,112.0,42.0,26.0,57.0,31.0,7.0,169.0
150.0,100.0,27.0,3.0,24.0,25.0,14.0,150.0
199.0,159.0,24.0,15.0,13.0,58.0,30.0,199.0
182.89870689655172,141.6742671009772,46.5886925795053,8.402852049910873,16.427413411938097,38.0,17.0,189.0
232.0,124.0,7.0,10.0,8.0,26.0,11.0,232.0
80.0,141.6742671009772,28.0,8.402852049910873,10.0,5.0,5.0,80.0
233.0,217.0,93.0,6.0,30.0,20.0,26.0,233.0
238.0,141.6742671009772,10.0,8.402852049910873,9.0,40.0,28.0,238.0
79.0,100.0,3.0,1.0,52.0,25.0,17.0,100.0
85.0,218.0,50.0,6.0,27.0,120.0,7.0,218.0
123.0,96.0,37.0,8.0,17.0,39.0,8.0,123.0
77.0,75.0,56.0,8.0,11.0,29.0,48.0,77.0
163.0,111.0,75.0,9.0,11.0,91.0,10.0,163.0
337.0,249.0,82.0,12.0,8.0,44.0,6.0,337.0
228.0,125.0,39.0,3.0,26.0,36.0,85.0,228.0
131.0,188.0,67.0,11.0,24.0,71.0,24.0,188.0
304.0,141.6742671009772,46.5886925795053,8.402852049910873,49.0,61.0,31.0,304.0
112.0,110.0,23.0,16.0,6.0,16.0,22.0,112.0
269.0,173.0,26.0,8.402852049910873,16.427413411938097,104.0,30.0,269.0
285.0,141.6742671009772,94.0,8.402852049910873,10.0,63.0,5.0,285.0
246.0,122.0,60.0,12.0,14.0,151.0,12.0,246.0
256.0,121.0,8.0,5.0,5.0,14.0,27.0,256.0
97.0,82.0,47.0,16.0,6.0,35.0,8.0,97.0
182.89870689655172,141.6742671009772,46.5886925795053,8.402852049910873,16.427413411938097,22.0,15.0,189.0
167.0,110.0,42.0,26.0,57.0,29.0,8.0,167.0
146.0,98.0,27.0,3.0,24.0,26.0,14.0,146.0
197.0,159.0,24.0,15.0,13.0,61.0,26.0,197.0
182.89870689655172,141.6742671009772,46.5886925795053,8.402852049910873,16.427413411938097,40.0,12.0,189.0
231.0,123.0,7.0,9.0,8.0,26.0,11.0,231.0
75.0,141.6742671009772,27.0,8.402852049910873,10.0,5.0,3.0,75.0
226.0,213.0,92.0,6.0,30.0,19.0,27.0,226.0
230.0,141.6742671009772,11.0,8.402852049910873,9.0,36.0,28.0,230.0
75.0,96.0,3.0,1.0,52.0,25.0,17.0,96.0
83.0,213.0,50.0,6.0,28.0,120.0,7.0,213.0
124.0,95.0,37.0,8.0,16.0,40.0,6.0,124.0
63.0,56.0,54.0,8.0,12.0,21.0,52.0,63.0
114.0,94.0,81.0,9.0,10.0,97.0,5.0,114.0
214.0,152.0,47.0,8.0,5.0,55.0,4.0,214.0
144.0,100.0,36.0,2.0,28.0,39.0,65.0,144.0
105.0,149.0,69.0,11.0,25.0,66.0,11.0,149.0
232.0,141.6742671009772,46.5886925795053,8.402852049910873,42.0,55.0,27.0,232.0
56.0,66.0,14.0,9.0,6.0,26.0,14.0,66.0
182.89870689655172,141.6742671009772,46.5886925795053,8.402852049910873,16.427413411938097,103.0,24.0,189.0
180.0,141.6742671009772,86.0,8.402852049910873,8.0,40.0,7.0,180.0
130.0,84.0,56.0,12.0,16.0,149.0,10.0,149.0
116.0,69.0,6.0,4.0,6.0,20.0,19.0,116.0
50.0,47.0,42.0,16.0,5.0,32.0,9.0,50.0
182.89870689655172,141.6742671009772,32.0,3.0,17.0,14.0,12.0,189.0
92.0,72.0,39.0,23.0,55.0,20.0,8.0,92.0
71.0,59.0,22.0,2.0,19.0,19.0,13.0,71.0
202.0,177.0,19.0,12.0,16.427413411938097,48.0,29.0,202.0
111.0,106.0,67.0,22.0,26.0,36.0,19.0,111.0
169.0,98.0,7.0,8.0,8.0,27.0,13.0,169.0
45.0,141.6742671009772,23.0,8.402852049910873,9.0,6.0,10.0,45.0
139.0,151.0,80.0,9.0,32.0,19.0,34.0,151.0
151.0,141.6742671009772,14.0,8.402852049910873,10.0,47.0,26.0,151.0
44.0,55.0,3.0,1.0,49.0,27.0,10.0,55.0
58.0,194.0,47.0,7.0,30.0,118.0,7.0,194.0
104.0,76.0,39.0,6.0,11.0,41.0,6.0,104.0
62.0,55.0,55.0,8.0,12.0,21.0,54.0,62.0
109.0,93.0,83.0,9.0,10.0,99.0,8.0,109.0
211.0,150.0,45.0,8.0,5.0,56.0,5.0,211.0
139.0,100.0,37.0,3.0,28.0,39.0,69.0,139.0
107.0,148.0,65.0,10.0,29.0,75.0,18.0,148.0
234.0,141.6742671009772,46.5886925795053,8.402852049910873,41.0,55.0,32.0,234.0
54.0,65.0,14.0,9.0,7.0,27.0,14.0,65.0
182.89870689655172,141.6742671009772,46.5886925795053,8.402852049910873,16.427413411938097,103.0,24.0,189.0
173.0,141.6742671009772,85.0,8.402852049910873,9.0,43.0,13.0,173.0
126.0,84.0,57.0,12.0,17.0,135.0,11.0,135.0
105.0,64.0,6.0,4.0,6.0,20.0,21.0,105.0
49.0,45.0,42.0,16.0,4.0,33.0,9.0,49.0
182.89870689655172,141.6742671009772,32.0,3.0,17.0,15.0,13.0,189.0
85.0,70.0,39.0,23.0,55.0,22.0,8.0,85.0
69.0,58.0,22.0,2.0,17.0,20.0,12.0,69.0
202.0,175.0,20.0,13.0,16.427413411938097,39.0,30.0,202.0
106.0,105.0,68.0,22.0,30.0,35.0,24.0,106.0
166.0,97.0,7.0,8.0,8.0,27.0,13.0,166.0
43.0,141.6742671009772,22.0,8.402852049910873,9.0,7.0,10.0,43.0
138.0,147.0,79.0,9.0,33.0,21.0,35.0,147.0
146.0,141.6742671009772,14.0,8.402852049910873,10.0,49.0,27.0,146.0
44.0,54.0,3.0,1.0,49.0,29.0,9.0,54.0
55.0,177.0,48.0,7.0,30.0,118.0,7.0,177.0
101.0,74.0,41.0,6.0,10.0,46.0,6.0,101.0
79.0,98.0,11.0,2.0,29.0,51.29509283819629,18.0,98.0
85.0,112.0,11.0,2.0,28.0,51.29509283819629,38.0,112.0
78.0,120.0,10.0,2.0,32.0,51.29509283819629,33.0,120.0
77.0,121.0,10.0,2.0,31.0,51.29509283819629,41.0,121.0
94.0,145.0,11.0,2.0,30.0,51.29509283819629,25.0,145.0
97.0,148.0,11.0,2.0,30.0,51.29509283819629,21.0,148.0
131.0,165.0,11.0,2.0,28.0,51.29509283819629,38.0,165.0
131.0,165.0,12.0,2.0,29.0,51.29509283819629,42.0,165.0
33.0,141.6742671009772,23.0,8.402852049910873,7.0,46.0,27.0,46.0
88.0,141.6742671009772,46.0,8.402852049910873,7.0,24.0,21.0,88.0
36.0,56.0,40.0,1.0,10.0,34.0,58.0,58.0
182.89870689655172,93.0,54.0,8.402852049910873,12.0,96.0,29.813642756680732,96.0
48.0,70.0,32.0,2.0,10.0,37.0,43.0,70.0
43.0,69.0,23.0,5.0,13.0,56.0,57.0,69.0
42.0,77.0,43.0,3.0,4.0,68.0,41.0,77.0
56.0,141.6742671009772,39.0,5.0,4.0,61.0,29.813642756680732,61.0
182.89870689655172,41.0,10.0,8.402852049910873,9.0,44.0,29.813642756680732,44.0
48.0,71.0,18.0,3.0,4.0,57.0,25.0,71.0
68.0,94.0,40.0,1.0,3.0,25.0,1.0,94.0
57.0,45.0,29.0,8.0,7.0,29.0,44.0,57.0
29.0,50.0,26.0,2.0,35.0,37.0,17.0,50.0
51.0,49.0,24.0,1.0,24.0,49.0,27.0,51.0
56.0,141.6742671009772,46.5886925795053,8.402852049910873,11.0,39.0,42.0,56.0
139.0,141.6742671009772,46.0,8.402852049910873,8.0,44.0,25.0,139.0
97.0,104.0,55.0,1.0,11.0,19.0,182.0,182.0
182.89870689655172,105.0,68.0,8.402852049910873,13.0,90.0,29.813642756680732,105.0
117.0,108.0,39.0,4.0,8.0,22.0,81.0,117.0
129.0,116.0,24.0,6.0,14.0,62.0,102.0,129.0
121.0,161.0,62.0,4.0,16.427413411938097,56.0,66.0,161.0
127.0,141.6742671009772,49.0,6.0,5.0,52.0,29.813642756680732,127.0
182.89870689655172,43.0,10.0,8.402852049910873,5.0,46.0,29.813642756680732,46.0
182.89870689655172,141.6742671009772,46.5886925795053,8.402852049910873,16.427413411938097,48.0,32.0,69.0
92.0,105.0,47.0,1.0,3.0,12.0,1.0,105.0
50.0,39.0,15.0,4.0,6.0,16.0,69.0,69.0
65.0,79.0,29.0,2.0,33.0,25.0,27.0,79.0
100.0,78.0,16.0,1.0,22.0,34.0,50.0,100.0
22.0,141.6742671009772,46.5886925795053,8.402852049910873,6.0,31.0,21.0,31.0
77.0,141.6742671009772,41.0,8.402852049910873,8.0,35.0,9.0,77.0
182.89870689655172,141.6742671009772,46.5886925795053,8.402852049910873,16.427413411938097,51.29509283819629,29.813642756680732,69.0
182.89870689655172,86.0,57.0,8.402852049910873,12.0,95.0,29.813642756680732,95.0
56.0,70.0,33.0,3.0,15.0,52.0,16.0,70.0
53.0,68.0,21.0,5.0,14.0,60.0,45.0,68.0
51.0,84.0,48.0,3.0,16.427413411938097,89.0,27.0,89.0
59.0,141.6742671009772,36.0,5.0,4.0,62.0,29.813642756680732,62.0
182.89870689655172,45.0,12.0,8.402852049910873,3.0,47.0,29.813642756680732,47.0
182.89870689655172,141.6742671009772,46.5886925795053,8.402852049910873,16.427413411938097,50.0,24.0,69.0
182.89870689655172,141.6742671009772,46.5886925795053,8.402852049910873,16.427413411938097,38.0,42.0,69.0
62.0,83.0,29.0,1.0,3.0,19.0,1.0,83.0
51.0,40.0,16.0,5.0,6.0,20.0,33.0,51.0
39.0,43.0,17.0,2.0,30.0,18.0,20.0,43.0
99.0,79.0,16.0,1.0,20.0,48.0,31.0,99.0
22.0,141.6742671009772,46.5886925795053,8.402852049910873,7.0,31.0,24.0,31.0
74.0,141.6742671009772,43.0,8.402852049910873,8.0,25.0,10.0,74.0
182.89870689655172,141.6742671009772,46.5886925795053,8.402852049910873,16.427413411938097,64.0,45.0,69.0
182.89870689655172,86.0,56.0,8.402852049910873,12.0,94.0,29.813642756680732,94.0
54.0,71.0,36.0,3.0,15.0,56.0,17.0,71.0
50.0,66.0,22.0,5.0,14.0,60.0,51.0,66.0
48.0,80.0,48.0,3.0,16.427413411938097,96.0,30.0,96.0
60.0,141.6742671009772,36.0,5.0,4.0,59.0,29.813642756680732,60.0
182.89870689655172,46.0,12.0,8.402852049910873,3.0,46.0,29.813642756680732,46.0
182.89870689655172,141.6742671009772,46.5886925795053,8.402852049910873,16.427413411938097,49.0,24.0,69.0
182.89870689655172,141.6742671009772,46.5886925795053,8.402852049910873,16.427413411938097,44.0,40.0,69.0
63.0,87.0,31.0,1.0,3.0,19.0,1.0,87.0
50.0,40.0,16.0,5.0,6.0,16.0,45.0,50.0
37.0,43.0,17.0,2.0,30.0,19.0,23.0,43.0
98.0,78.0,16.0,1.0,19.0,43.0,49.0,98.0
21.0,141.6742671009772,46.5886925795053,8.402852049910873,7.0,29.0,24.0,29.0
58.0,141.6742671009772,45.0,8.402852049910873,8.0,26.0,7.0,58.0
182.89870689655172,141.6742671009772,46.5886925795053,8.402852049910873,16.427413411938097,28.0,23.0,69.0
182.89870689655172,81.0,54.0,8.402852049910873,13.0,94.0,29.813642756680732,94.0
45.0,64.0,35.0,2.0,15.0,64.0,11.0,64.0
34.0,54.0,22.0,5.0,14.0,64.0,41.0,64.0
38.0,68.0,48.0,3.0,16.427413411938097,91.0,27.0,91.0
54.0,141.6742671009772,37.0,5.0,3.0,63.0,29.813642756680732,63.0
182.89870689655172,46.0,12.0,8.402852049910873,4.0,46.0,29.813642756680732,46.0
182.89870689655172,141.6742671009772,46.5886925795053,8.402852049910873,16.427413411938097,57.0,27.0,69.0
182.89870689655172,141.6742671009772,46.5886925795053,8.402852049910873,16.427413411938097,42.0,34.0,69.0
56.0,85.0,36.0,1.0,3.0,18.0,1.0,85.0
46.0,36.0,10.0,3.0,6.0,22.0,35.0,46.0
31.0,43.0,16.0,2.0,33.0,38.0,17.0,43.0
97.0,73.0,14.0,1.0,18.0,51.0,56.0,97.0
20.0,141.6742671009772,46.5886925795053,8.402852049910873,7.0,31.0,24.0,31.0
57.0,141.6742671009772,46.0,8.402852049910873,8.0,24.0,7.0,57.0
182.89870689655172,141.6742671009772,46.5886925795053,8.402852049910873,16.427413411938097,28.0,23.0,69.0
182.89870689655172,79.0,55.0,8.402852049910873,13.0,94.0,29.813642756680732,94.0
44.0,64.0,35.0,2.0,15.0,62.0,12.0,64.0
32.0,53.0,22.0,5.0,14.0,63.0,40.0,63.0
37.0,67.0,48.0,3.0,16.427413411938097,86.0,27.0,86.0
54.0,141.6742671009772,37.0,5.0,3.0,64.0,29.813642756680732,64.0
182.89870689655172,46.0,12.0,8.402852049910873,4.0,46.0,29.813642756680732,46.0
182.89870689655172,141.6742671009772,46.5886925795053,8.402852049910873,16.427413411938097,57.0,27.0,69.0
182.89870689655172,141.6742671009772,46.5886925795053,8.402852049910873,16.427413411938097,42.0,33.0,69.0
54.0,84.0,36.0,1.0,3.0,18.0,1.0,84.0
44.0,35.0,8.0,3.0,6.0,24.0,32.0,44.0
27.0,41.0,16.0,2.0,33.0,38.0,16.0,41.0
95.0,72.0,14.0,1.0,18.0,52.0,55.0,95.0
20.0,141.6742671009772,46.5886925795053,8.402852049910873,6.0,29.0,20.0,29.0
54.0,141.6742671009772,48.0,8.402852049910873,8.0,29.0,7.0,54.0
32.0,56.0,50.0,1.0,11.0,39.0,31.0,56.0
182.89870689655172,76.0,56.0,8.402852049910873,13.0,93.0,29.813642756680732,93.0
42.0,61.0,36.0,2.0,17.0,44.0,16.0,61.0
25.0,49.0,23.0,5.0,14.0,61.0,43.0,61.0
44.0,69.0,49.0,3.0,16.427413411938097,75.0,27.0,75.0
53.0,141.6742671009772,37.0,5.0,4.0,53.0,29.813642756680732,53.0
182.89870689655172,43.0,12.0,8.402852049910873,6.0,44.0,29.813642756680732,44.0
38.0,62.0,22.0,2.0,4.0,49.0,28.0,62.0
20.0,35.0,13.0,2.0,16.0,43.0,32.0,43.0
35.0,75.0,34.0,1.0,3.0,20.0,1.0,75.0
27.0,22.0,4.0,2.0,6.0,17.0,32.0,32.0
19.0,41.0,20.0,2.0,34.0,39.0,14.0,41.0
70.0,60.0,11.0,1.0,19.0,43.0,33.0,70.0
20.0,141.6742671009772,46.5886925795053,8.402852049910873,6.0,31.0,22.0,31.0
54.0,141.6742671009772,49.0,8.402852049910873,8.0,28.0,7.0,54.0
31.0,55.0,49.0,1.0,11.0,38.0,39.0,55.0
182.89870689655172,76.0,56.0,8.402852049910873,13.0,95.0,29.813642756680732,95.0
42.0,61.0,35.0,2.0,18.0,44.0,19.0,61.0
24.0,48.0,23.0,5.0,14.0,60.0,46.0,60.0
44.0,69.0,49.0,3.0,16.427413411938097,79.0,28.0,79.0
53.0,141.6742671009772,37.0,5.0,4.0,54.0,29.813642756680732,54.0
182.89870689655172,43.0,12.0,8.402852049910873,6.0,45.0,29.813642756680732,45.0
38.0,62.0,22.0,2.0,4.0,47.0,30.0,62.0
20.0,36.0,13.0,2.0,15.0,43.0,36.0,43.0
34.0,72.0,34.0,1.0,3.0,21.0,1.0,72.0
26.0,21.0,4.0,2.0,6.0,17.0,36.0,36.0
19.0,41.0,20.0,2.0,33.0,37.0,16.0,41.0
70.0,60.0,11.0,1.0,20.0,46.0,35.0,70.0
27.0,112.0,11.0,5.0,16.427413411938097,29.0,62.0,112.0
70.0,68.0,33.0,4.0,11.0,44.0,37.0,70.0
36.0,103.0,9.0,5.0,16.427413411938097,37.0,73.0,103.0
32.0,38.0,20.0,3.0,11.0,38.0,59.0,59.0
27.0,110.0,9.0,5.0,20.0,55.0,47.0,110.0
75.0,77.0,30.0,4.0,11.0,50.0,46.0,77.0
25.0,107.0,9.0,5.0,33.0,38.0,70.0,107.0
70.0,76.0,31.0,4.0,11.0,45.0,57.0,76.0
22.0,103.0,9.0,5.0,37.0,18.0,64.0,103.0
64.0,74.0,34.0,3.0,12.0,62.0,40.0,74.0
9.0,102.0,9.0,5.0,38.0,19.0,54.0,102.0
61.0,72.0,36.0,3.0,12.0,66.0,35.0,72.0
17.0,103.0,9.0,5.0,37.0,58.0,39.0,103.0
56.0,62.0,36.0,3.0,12.0,43.0,39.0,62.0
19.0,103.0,9.0,5.0,36.0,54.0,48.0,103.0
55.0,62.0,36.0,3.0,12.0,43.0,44.0,62.0
214.0,133.0,50.0,6.0,7.0,65.0,46.0,214.0
76.0,69.0,19.0,8.402852049910873,16.427413411938097,15.0,29.813642756680732,76.0
155.0,111.0,25.0,9.0,12.0,81.0,35.0,155.0
146.0,108.0,62.0,5.0,12.0,84.0,33.0,146.0
86.0,82.0,48.0,3.0,6.0,80.0,24.0,86.0
114.0,85.0,62.0,18.0,9.0,34.0,29.0,114.0
182.89870689655172,141.6742671009772,10.0,8.402852049910873,10.0,27.0,29.813642756680732,123.0
62.0,98.0,20.0,7.0,19.0,39.0,31.0,98.0
130.0,100.0,13.0,6.0,8.0,26.0,16.0,130.0
175.0,164.0,54.0,8.402852049910873,3.0,51.29509283819629,29.813642756680732,175.0
12.0,54.0,46.5886925795053,8.402852049910873,22.0,18.0,29.813642756680732,54.0
182.89870689655172,141.6742671009772,46.5886925795053,8.402852049910873,16.427413411938097,48.0,63.0,123.0
190.0,125.0,32.0,6.0,3.0,73.0,59.0,190.0
177.0,130.0,63.0,6.0,5.0,36.0,71.0,177.0
87.0,67.0,19.0,8.402852049910873,16.427413411938097,14.0,29.813642756680732,87.0
91.0,77.0,22.0,9.0,7.0,48.0,26.0,91.0
111.0,86.0,69.0,4.0,9.0,26.0,39.0,111.0
153.0,130.0,58.0,4.0,7.0,49.0,44.0,153.0
147.0,111.0,58.0,16.0,7.0,20.0,52.0,147.0
83.0,117.0,22.0,7.0,18.0,26.0,34.0,117.0
137.0,106.0,19.0,5.0,8.0,20.0,18.0,137.0
65.0,103.0,57.0,8.402852049910873,3.0,51.29509283819629,29.813642756680732,103.0
15.0,75.0,46.5886925795053,8.402852049910873,20.0,8.0,29.813642756680732,75.0
164.0,117.0,41.0,3.0,56.0,55.0,81.0,164.0
148.0,99.0,32.0,5.0,4.0,41.0,72.0,148.0
100.0,95.0,51.0,5.0,10.0,28.0,67.0,100.0
168.0,111.0,19.0,8.402852049910873,16.427413411938097,14.0,29.813642756680732,168.0
69.0,67.0,20.0,8.0,9.0,40.0,46.0,69.0
85.0,93.0,80.0,4.0,14.0,25.0,41.0,93.0
175.0,168.0,68.0,4.0,7.0,42.0,39.0,175.0
265.0,215.0,80.0,15.0,25.0,39.0,43.0,265.0
182.89870689655172,141.6742671009772,10.0,8.402852049910873,10.0,25.0,29.813642756680732,123.0
58.0,93.0,21.0,6.0,17.0,36.0,21.0,93.0
80.0,89.0,20.0,4.0,13.0,15.0,15.0,89.0
104.0,106.0,58.0,8.402852049910873,3.0,51.29509283819629,29.813642756680732,106.0
29.0,156.0,46.5886925795053,8.402852049910873,21.0,26.0,29.813642756680732,156.0
182.89870689655172,141.6742671009772,46.5886925795053,8.402852049910873,16.427413411938097,54.0,79.0,123.0
95.0,88.0,30.0,4.0,4.0,31.0,60.0,95.0
100.0,95.0,51.0,4.0,12.0,33.0,75.0,100.0
167.0,111.0,19.0,8.402852049910873,16.427413411938097,14.0,29.813642756680732,167.0
66.0,65.0,20.0,8.0,8.0,29.0,52.0,66.0
82.0,91.0,78.0,4.0,14.0,23.0,42.0,91.0
172.0,168.0,68.0,4.0,7.0,47.0,50.0,172.0
265.0,219.0,86.0,16.0,25.0,34.0,51.0,265.0
182.89870689655172,141.6742671009772,10.0,8.402852049910873,10.0,24.0,29.813642756680732,123.0
58.0,96.0,22.0,6.0,18.0,26.0,26.0,96.0
76.0,87.0,20.0,4.0,13.0,15.0,17.0,87.0
112.0,108.0,59.0,8.402852049910873,3.0,51.29509283819629,29.813642756680732,112.0
26.0,153.0,46.5886925795053,8.402852049910873,22.0,25.0,29.813642756680732,153.0
182.89870689655172,141.6742671009772,46.5886925795053,8.402852049910873,16.427413411938097,51.0,73.0,123.0
94.0,91.0,29.0,4.0,6.0,31.0,80.0,94.0
82.0,92.0,58.0,4.0,16.0,70.0,38.0,92.0
126.0,94.0,19.0,8.402852049910873,16.427413411938097,14.0,29.813642756680732,126.0
61.0,61.0,21.0,8.0,8.0,31.0,36.0,61.0
82.0,97.0,78.0,4.0,15.0,66.0,40.0,97.0
164.0,155.0,67.0,3.0,7.0,78.0,26.0,164.0
216.0,178.0,90.0,15.0,24.0,55.0,33.0,216.0
182.89870689655172,141.6742671009772,11.0,8.402852049910873,10.0,23.0,29.813642756680732,123.0
66.0,114.0,28.0,6.0,22.0,53.0,22.0,114.0
70.0,87.0,22.0,4.0,21.0,21.0,14.0,87.0
95.0,114.0,56.0,8.402852049910873,3.0,51.29509283819629,29.813642756680732,114.0
21.0,134.0,46.5886925795053,8.402852049910873,22.0,14.0,29.813642756680732,134.0
182.89870689655172,141.6742671009772,46.5886925795053,8.402852049910873,16.427413411938097,48.0,26.0,123.0
103.0,98.0,26.0,4.0,7.0,76.0,47.0,103.0
80.0,92.0,60.0,4.0,16.0,76.0,29.0,92.0
115.0,90.0,19.0,8.402852049910873,16.427413411938097,15.0,29.813642756680732,115.0
59.0,60.0,22.0,8.0,8.0,31.0,36.0,60.0
85.0,100.0,79.0,4.0,16.0,72.0,40.0,100.0
149.0,143.0,68.0,3.0,7.0,82.0,20.0,149.0
215.0,177.0,91.0,15.0,24.0,64.0,28.0,215.0
182.89870689655172,141.6742671009772,11.0,8.402852049910873,10.0,23.0,29.813642756680732,123.0
70.0,119.0,29.0,6.0,22.0,60.0,21.0,119.0
64.0,85.0,21.0,4.0,23.0,22.0,13.0,85.0
89.0,114.0,56.0,8.402852049910873,3.0,51.29509283819629,29.813642756680732,114.0
21.0,112.0,46.5886925795053,8.402852049910873,22.0,13.0,29.813642756680732,112.0
237.0,238.0,80.0,3.0,70.0,49.0,20.0,238.0
103.0,99.0,26.0,4.0,7.0,86.0,38.0,103.0
106.0,112.0,68.0,4.0,25.0,40.0,59.0,112.0
68.0,65.0,19.0,8.402852049910873,16.427413411938097,15.0,29.813642756680732,68.0
54.0,67.0,22.0,8.0,6.0,24.0,76.0,76.0
90.0,107.0,80.0,5.0,13.0,28.0,42.0,107.0
133.0,144.0,69.0,3.0,12.0,32.0,34.0,144.0
122.0,121.0,90.0,15.0,11.0,25.0,46.0,122.0
182.89870689655172,141.6742671009772,17.0,8.402852049910873,10.0,25.0,29.813642756680732,123.0
98.0,151.0,38.0,7.0,21.0,44.0,23.0,151.0
67.0,95.0,23.0,4.0,40.0,24.0,19.0,95.0
120.0,130.0,58.0,8.402852049910873,4.0,51.29509283819629,29.813642756680732,130.0
12.0,103.0,46.5886925795053,8.402852049910873,22.0,11.0,29.813642756680732,103.0
182.89870689655172,141.6742671009772,46.5886925795053,8.402852049910873,16.427413411938097,51.29509283819629,29.813642756680732,123.0
139.0,124.0,26.0,4.0,8.0,65.0,42.0,139.0
107.0,112.0,67.0,4.0,26.0,41.0,64.0,112.0
68.0,65.0,19.0,8.402852049910873,16.427413411938097,15.0,29.813642756680732,68.0
56.0,70.0,22.0,8.0,6.0,25.0,79.0,79.0
92.0,109.0,80.0,5.0,13.0,29.0,42.0,109.0
134.0,144.0,68.0,3.0,12.0,32.0,41.0,144.0
121.0,121.0,89.0,15.0,11.0,26.0,50.0,121.0
182.89870689655172,141.6742671009772,17.0,8.402852049910873,10.0,25.0,29.813642756680732,123.0
98.0,153.0,38.0,7.0,21.0,48.0,23.0,153.0
69.0,96.0,23.0,4.0,40.0,23.0,20.0,96.0
115.0,128.0,58.0,8.402852049910873,4.0,51.29509283819629,29.813642756680732,128.0
12.0,105.0,46.5886925795053,8.402852049910873,22.0,12.0,29.813642756680732,105.0
182.89870689655172,141.6742671009772,46.5886925795053,8.402852049910873,16.427413411938097,51.29509283819629,29.813642756680732,123.0
141.0,125.0,26.0,4.0,8.0,62.0,51.0,141.0
100.0,98.0,19.0,3.0,8.0,37.0,38.0,100.0
136.0,73.0,11.0,6.0,4.0,28.0,14.0,136.0
61.0,78.0,9.0,4.0,12.0,18.0,29.813642756680732,78.0
146.0,188.0,27.0,8.0,3.0,60.0,14.0,188.0
96.0,92.0,31.0,8.402852049910873,17.0,101.0,69.0,101.0
169.0,107.0,1.0,3.0,11.0,33.0,15.0,169.0
250.0,173.0,64.0,8.0,9.0,59.0,26.0,250.0
216.0,133.0,57.0,2.0,13.0,33.0,144.0,216.0
241.0,168.0,69.0,5.0,6.0,26.0,104.0,241.0
213.0,124.0,22.0,3.0,8.0,45.0,83.0,213.0
186.0,163.0,103.0,5.0,14.0,35.0,73.0,186.0
228.0,137.0,33.0,4.0,7.0,47.0,77.0,228.0
244.0,151.0,56.0,2.0,6.0,47.0,73.0,244.0
240.0,131.0,62.0,3.0,8.0,33.0,103.0,240.0
84.0,82.0,46.5886925795053,8.402852049910873,16.0,98.0,14.0,98.0
87.0,78.0,6.0,1.0,3.0,38.0,50.0,87.0
182.89870689655172,41.0,46.5886925795053,8.402852049910873,54.0,94.0,29.813642756680732,94.0
240.0,139.0,54.0,3.0,20.0,56.0,103.0,240.0
182.89870689655172,141.6742671009772,46.5886925795053,8.402852049910873,16.427413411938097,63.0,8.0,141.0
114.0,99.0,31.0,8.402852049910873,80.0,81.0,46.0,114.0
78.0,115.0,43.0,8.402852049910873,18.0,83.0,30.0,115.0
182.89870689655172,76.0,56.0,5.0,30.0,29.0,58.0,76.0
74.0,90.0,18.0,3.0,2.0,21.0,56.0,90.0
105.0,82.0,19.0,8.0,4.0,8.0,17.0,105.0
67.0,80.0,9.0,4.0,12.0,15.0,29.813642756680732,80.0
166.0,194.0,27.0,12.0,4.0,54.0,8.0,194.0
182.89870689655172,141.6742671009772,37.0,8.402852049910873,5.0,107.0,35.0,141.0
146.0,120.0,2.0,3.0,12.0,34.0,16.0,146.0
232.0,166.0,56.0,9.0,10.0,42.0,29.0,232.0
214.0,139.0,60.0,2.0,11.0,34.0,160.0,214.0
232.0,166.0,71.0,5.0,7.0,20.0,93.0,232.0
198.0,128.0,23.0,4.0,9.0,43.0,60.0,198.0
180.0,169.0,95.0,4.0,16.0,20.0,83.0,180.0
206.0,131.0,32.0,4.0,8.0,49.0,29.813642756680732,206.0
228.0,157.0,66.0,2.0,6.0,39.0,60.0,228.0
215.0,134.0,63.0,3.0,13.0,21.0,97.0,215.0
84.0,76.0,38.0,3.0,12.0,10.0,29.813642756680732,84.0
100.0,86.0,9.0,1.0,10.0,35.0,66.0,100.0
182.89870689655172,41.0,46.5886925795053,8.402852049910873,54.0,96.0,29.813642756680732,96.0
234.0,142.0,59.0,3.0,20.0,40.0,74.0,234.0
188.0,130.0,26.0,8.402852049910873,68.0,79.0,43.0,188.0
73.0,110.0,43.0,8.402852049910873,18.0,98.0,36.0,110.0
182.89870689655172,82.0,59.0,4.0,54.0,16.0,41.0,82.0
63.0,89.0,19.0,3.0,5.0,36.0,47.0,89.0
50.0,47.0,10.0,6.0,4.0,14.0,16.0,50.0
51.0,76.0,9.0,4.0,11.0,16.0,29.813642756680732,76.0
94.0,160.0,22.0,10.0,6.0,51.0,25.0,160.0
182.89870689655172,141.6742671009772,41.0,8.402852049910873,7.0,108.0,18.0,141.0
99.0,141.6742671009772,2.0,4.0,12.0,33.0,36.0,99.0
152.0,138.0,47.0,7.0,13.0,44.0,21.0,152.0
136.0,111.0,50.0,3.0,15.0,32.0,65.0,136.0
144.0,147.0,66.0,5.0,11.0,20.0,73.0,147.0
125.0,112.0,22.0,5.0,10.0,45.0,52.0,125.0
130.0,151.0,86.0,5.0,14.0,27.0,50.0,151.0
153.0,128.0,24.0,4.0,10.0,44.0,29.813642756680732,153.0
144.0,135.0,56.0,2.0,7.0,49.0,28.0,144.0
115.0,110.0,52.0,4.0,10.0,17.0,75.0,115.0
69.0,76.0,51.0,3.0,10.0,18.0,29.813642756680732,76.0
73.0,78.0,7.0,1.0,8.0,44.0,57.0,78.0
182.89870689655172,41.0,46.5886925795053,8.402852049910873,56.0,94.0,29.813642756680732,94.0
148.0,130.0,56.0,2.0,32.0,49.0,43.0,148.0
171.0,127.0,27.0,8.402852049910873,69.0,80.0,44.0,171.0
78.0,106.0,42.0,8.402852049910873,18.0,89.0,37.0,106.0
182.89870689655172,89.0,59.0,5.0,70.0,27.0,40.0,89.0
62.0,89.0,18.0,3.0,5.0,35.0,53.0,89.0
50.0,49.0,11.0,6.0,4.0,17.0,16.0,50.0
53.0,80.0,9.0,4.0,11.0,16.0,29.813642756680732,80.0
94.0,161.0,24.0,12.0,5.0,56.0,28.0,161.0
182.89870689655172,141.6742671009772,42.0,8.402852049910873,8.0,106.0,28.0,141.0
104.0,141.6742671009772,3.0,4.0,12.0,33.0,36.0,104.0
157.0,142.0,52.0,7.0,13.0,45.0,23.0,157.0
143.0,113.0,50.0,3.0,15.0,28.0,88.0,143.0
148.0,159.0,74.0,5.0,12.0,21.0,94.0,159.0
128.0,115.0,23.0,5.0,10.0,43.0,79.0,128.0
134.0,153.0,87.0,6.0,12.0,25.0,80.0,153.0
155.0,133.0,25.0,4.0,10.0,34.0,29.813642756680732,155.0
146.0,138.0,57.0,2.0,7.0,45.0,38.0,146.0
117.0,108.0,53.0,4.0,10.0,19.0,92.0,117.0
70.0,78.0,56.0,3.0,20.0,16.0,29.813642756680732,78.0
73.0,80.0,8.0,1.0,8.0,43.0,53.0,80.0
182.89870689655172,41.0,46.5886925795053,8.402852049910873,56.0,95.0,29.813642756680732,95.0
150.0,133.0,55.0,2.0,31.0,42.0,68.0,150.0
169.0,126.0,27.0,8.402852049910873,70.0,80.0,43.0,169.0
75.0,106.0,43.0,8.402852049910873,18.0,101.0,35.0,106.0
182.89870689655172,88.0,58.0,5.0,60.0,27.0,50.0,88.0
73.0,94.0,18.0,3.0,6.0,55.0,27.0,94.0
48.0,141.6742671009772,10.0,6.0,4.0,13.0,18.0,48.0
44.0,68.0,9.0,4.0,11.0,16.0,29.813642756680732,68.0
92.0,174.0,26.0,13.0,6.0,98.0,16.0,174.0
182.89870689655172,141.6742671009772,43.0,8.402852049910873,10.0,103.0,43.0,141.0
117.0,141.6742671009772,4.0,3.0,11.0,33.0,13.0,117.0
164.0,143.0,59.0,7.0,13.0,63.0,16.0,164.0
147.0,114.0,48.0,3.0,15.0,31.0,110.0,147.0
150.0,149.0,77.0,5.0,11.0,37.0,83.0,150.0
134.0,120.0,24.0,5.0,10.0,50.0,83.0,134.0
142.0,161.0,88.0,7.0,10.0,47.0,70.0,161.0
147.0,127.0,25.0,4.0,9.0,59.0,29.813642756680732,147.0
142.0,137.0,58.0,2.0,7.0,49.0,35.0,142.0
123.0,109.0,55.0,4.0,11.0,32.0,88.0,123.0
71.0,80.0,59.0,4.0,23.0,80.0,29.813642756680732,80.0
76.0,89.0,10.0,1.0,8.0,76.0,48.0,89.0
182.89870689655172,41.0,46.5886925795053,8.402852049910873,56.0,84.0,29.813642756680732,84.0
160.0,139.0,73.0,3.0,26.0,58.0,53.0,160.0
177.0,128.0,28.0,8.402852049910873,71.0,91.0,43.0,177.0
73.0,109.0,48.0,8.402852049910873,18.0,113.0,26.0,113.0
182.89870689655172,88.0,58.0,5.0,48.0,58.0,35.0,88.0
77.0,96.0,17.0,3.0,6.0,63.0,27.0,96.0
49.0,141.6742671009772,10.0,6.0,4.0,13.0,18.0,49.0
42.0,62.0,9.0,4.0,11.0,16.0,29.813642756680732,62.0
93.0,176.0,26.0,13.0,6.0,105.0,12.0,176.0
182.89870689655172,141.6742671009772,43.0,8.402852049910873,10.0,102.0,42.0,141.0
118.0,141.6742671009772,4.0,3.0,11.0,33.0,12.0,118.0
166.0,146.0,59.0,7.0,13.0,71.0,11.0,166.0
145.0,113.0,47.0,3.0,15.0,30.0,99.0,145.0
151.0,149.0,78.0,5.0,11.0,47.0,68.0,151.0
135.0,119.0,24.0,5.0,10.0,57.0,74.0,135.0
137.0,156.0,90.0,8.0,10.0,57.0,62.0,156.0
139.0,122.0,25.0,4.0,9.0,63.0,29.813642756680732,139.0
140.0,136.0,58.0,2.0,7.0,55.0,28.0,140.0
124.0,108.0,56.0,4.0,11.0,38.0,76.0,124.0
70.0,80.0,60.0,4.0,23.0,92.0,29.813642756680732,92.0
80.0,92.0,11.0,1.0,8.0,85.0,46.0,92.0
182.89870689655172,41.0,46.5886925795053,8.402852049910873,56.0,81.0,29.813642756680732,81.0
155.0,132.0,73.0,3.0,25.0,65.0,45.0,155.0
178.0,129.0,28.0,8.402852049910873,72.0,94.0,43.0,178.0
73.0,110.0,48.0,8.402852049910873,18.0,115.0,24.0,115.0
182.89870689655172,88.0,58.0,5.0,47.0,67.0,30.0,88.0
90.0,104.0,16.0,3.0,11.0,45.0,52.0,104.0
107.0,75.0,15.0,7.0,4.0,24.0,14.0,107.0
182.89870689655172,141.6742671009772,46.5886925795053,8.402852049910873,16.427413411938097,17.0,29.813642756680732,141.0
109.0,189.0,19.0,14.0,7.0,67.0,15.0,189.0
98.0,99.0,47.0,8.402852049910873,13.0,115.0,18.0,115.0
119.0,90.0,6.0,3.0,11.0,33.0,11.0,119.0
210.0,173.0,58.0,7.0,12.0,72.0,12.0,210.0
220.0,146.0,56.0,3.0,22.0,33.0,21.0,220.0
206.0,182.0,101.0,7.0,8.0,42.0,36.0,206.0
154.0,124.0,32.0,5.0,10.0,53.0,44.0,154.0
184.0,200.0,109.0,11.0,8.0,49.0,27.0,200.0
201.0,148.0,24.0,4.0,10.0,87.0,29.813642756680732,201.0
220.0,174.0,59.0,2.0,8.0,80.0,13.0,220.0
220.0,139.0,40.0,4.0,13.0,62.0,14.0,220.0
82.0,86.0,74.0,6.0,26.0,25.0,29.813642756680732,86.0
109.0,108.0,13.0,1.0,6.0,53.0,49.0,109.0
182.89870689655172,41.0,46.5886925795053,8.402852049910873,56.0,83.0,29.813642756680732,83.0
198.0,153.0,83.0,3.0,16.0,56.0,30.0,198.0
182.89870689655172,141.6742671009772,46.5886925795053,8.402852049910873,16.427413411938097,66.0,16.0,141.0
228.0,152.0,29.0,8.402852049910873,75.0,85.0,43.0,228.0
59.0,104.0,45.0,8.402852049910873,18.0,99.0,26.0,104.0
182.89870689655172,88.0,58.0,5.0,29.0,44.0,32.0,88.0
89.0,104.0,16.0,3.0,12.0,41.0,54.0,104.0
107.0,75.0,15.0,7.0,4.0,24.0,15.0,107.0
182.89870689655172,141.6742671009772,46.5886925795053,8.402852049910873,16.427413411938097,17.0,29.813642756680732,141.0
110.0,192.0,18.0,14.0,11.0,68.0,14.0,192.0
97.0,98.0,47.0,8.402852049910873,13.0,115.0,20.0,115.0
122.0,92.0,7.0,3.0,11.0,33.0,14.0,122.0
213.0,174.0,58.0,7.0,12.0,70.0,16.0,213.0
223.0,147.0,56.0,3.0,23.0,32.0,23.0,223.0
203.0,184.0,104.0,7.0,8.0,41.0,41.0,203.0
155.0,122.0,34.0,5.0,10.0,56.0,49.0,155.0
187.0,201.0,113.0,12.0,8.0,45.0,39.0,201.0
203.0,148.0,24.0,4.0,10.0,87.0,29.813642756680732,203.0
224.0,176.0,57.0,2.0,8.0,77.0,18.0,224.0
225.0,139.0,40.0,4.0,13.0,59.0,20.0,225.0
85.0,87.0,76.0,6.0,25.0,27.0,29.813642756680732,87.0
110.0,108.0,13.0,1.0,5.0,49.0,47.0,110.0
182.89870689655172,41.0,46.5886925795053,8.402852049910873,56.0,86.0,29.813642756680732,86.0
200.0,154.0,84.0,3.0,16.0,53.0,38.0,200.0
182.89870689655172,141.6742671009772,46.5886925795053,8.402852049910873,16.427413411938097,66.0,16.0,141.0
230.0,152.0,29.0,8.402852049910873,76.0,85.0,42.0,230.0
57.0,103.0,44.0,8.402852049910873,18.0,101.0,26.0,103.0
182.89870689655172,87.0,59.0,5.0,30.0,45.0,36.0,87.0
182.89870689655172,141.6742671009772,3.0,8.402852049910873,7.0,12.0,37.0,188.25510204081633
182.89870689655172,141.6742671009772,3.0,1.0,8.0,11.0,51.0,188.25510204081633
182.89870689655172,141.6742671009772,2.0,8.402852049910873,7.0,17.0,30.0,188.25510204081633
182.89870689655172,141.6742671009772,3.0,8.402852049910873,7.0,11.0,29.0,188.25510204081633
182.89870689655172,141.6742671009772,2.0,8.402852049910873,7.0,11.0,23.0,188.25510204081633
58.0,49.0,17.0,11.0,4.0,68.0,21.0,68.0
182.89870689655172,141.6742671009772,46.5886925795053,8.402852049910873,16.427413411938097,80.0,6.0,184.0
144.0,114.0,15.0,19.0,4.0,72.0,56.0,144.0
159.0,140.0,28.0,1.0,28.0,71.0,19.0,159.0
108.0,101.0,17.0,18.0,4.0,71.0,43.0,108.0
248.0,204.0,29.0,1.0,27.0,79.0,26.0,248.0
105.0,98.0,17.0,18.0,4.0,72.0,59.0,105.0
248.0,206.0,29.0,1.0,27.0,61.0,34.0,248.0
95.0,99.0,17.0,19.0,4.0,72.0,35.0,99.0
265.0,222.0,29.0,1.0,27.0,84.0,16.0,265.0
95.0,99.0,18.0,20.0,4.0,72.0,27.0,99.0
271.0,229.0,29.0,1.0,27.0,90.0,10.0,271.0
112.0,114.0,24.0,20.0,5.0,73.0,26.0,114.0
349.0,294.0,29.0,1.0,31.0,130.0,18.0,349.0
113.0,115.0,24.0,19.0,6.0,74.0,34.0,115.0
364.0,306.0,29.0,1.0,32.0,131.0,25.0,364.0
159.0,102.0,13.0,3.0,14.0,40.0,17.0,159.0
101.0,91.0,23.0,8.402852049910873,10.0,86.0,29.813642756680732,101.0
151.0,119.0,18.0,4.0,9.0,50.0,34.0,151.0
94.0,124.0,30.0,3.0,14.0,14.0,20.0,124.0
182.89870689655172,141.6742671009772,46.5886925795053,8.402852049910873,16.427413411938097,18.0,25.0,101.0
271.0,158.0,12.0,3.0,34.0,39.0,15.0,271.0
164.0,130.0,22.0,9.0,19.0,52.0,13.0,164.0
163.0,146.0,7.0,8.402852049910873,13.0,11.0,29.813642756680732,163.0
128.0,97.0,12.0,3.0,13.0,9.0,26.0,128.0
98.0,89.0,23.0,8.402852049910873,9.0,93.0,29.813642756680732,98.0
125.0,109.0,22.0,4.0,7.0,39.0,33.0,125.0
182.89870689655172,141.6742671009772,46.5886925795053,8.402852049910873,16.427413411938097,51.29509283819629,20.0,101.0
74.0,93.0,24.0,3.0,6.0,17.0,28.0,93.0
315.0,209.0,12.0,3.0,44.0,37.0,24.0,315.0
117.0,113.0,18.0,8.0,16.0,53.0,8.0,117.0
147.0,117.0,7.0,8.402852049910873,13.0,9.0,29.813642756680732,147.0
67.0,61.0,13.0,3.0,9.0,34.0,31.0,67.0
88.0,78.0,23.0,8.402852049910873,9.0,89.0,29.813642756680732,89.0
97.0,92.0,18.0,5.0,7.0,42.0,15.0,97.0
118.0,90.0,8.0,1.0,11.0,51.29509283819629,5.0,118.0
53.0,63.0,24.0,3.0,6.0,18.0,13.0,63.0
171.0,113.0,12.0,3.0,30.0,40.0,7.0,171.0
67.0,81.0,18.0,7.0,20.0,46.0,7.0,81.0
99.0,96.0,7.0,8.402852049910873,14.0,10.0,29.813642756680732,99.0
63.0,56.0,13.0,3.0,9.0,30.0,37.0,63.0
80.0,73.0,23.0,8.402852049910873,9.0,88.0,29.813642756680732,88.0
106.0,96.0,18.0,5.0,8.0,42.0,18.0,106.0
118.0,90.0,8.0,1.0,11.0,51.29509283819629,8.0,118.0
52.0,60.0,26.0,3.0,6.0,20.0,15.0,60.0
171.0,113.0,12.0,3.0,16.427413411938097,46.0,7.0,171.0
67.0,80.0,19.0,7.0,20.0,44.0,8.0,80.0
100.0,98.0,7.0,8.402852049910873,13.0,10.0,29.813642756680732,100.0
56.0,48.0,13.0,3.0,8.0,23.0,50.0,56.0
59.0,59.0,23.0,8.402852049910873,9.0,89.0,29.813642756680732,89.0
106.0,96.0,18.0,5.0,8.0,42.0,13.0,106.0
81.0,73.0,8.0,1.0,10.0,51.29509283819629,8.0,81.0
48.0,53.0,30.0,3.0,5.0,22.0,15.0,53.0
182.89870689655172,141.6742671009772,12.0,3.0,16.427413411938097,45.0,4.0,101.0
64.0,72.0,18.0,7.0,20.0,44.0,7.0,72.0
91.0,91.0,7.0,8.402852049910873,13.0,13.0,29.813642756680732,91.0
55.0,47.0,13.0,3.0,9.0,23.0,88.0,88.0
55.0,57.0,23.0,8.402852049910873,9.0,89.0,29.813642756680732,89.0
107.0,97.0,18.0,5.0,8.0,43.0,12.0,107.0
76.0,70.0,8.0,1.0,10.0,51.29509283819629,7.0,76.0
49.0,53.0,30.0,3.0,5.0,22.0,14.0,53.0
182.89870689655172,141.6742671009772,12.0,3.0,16.427413411938097,42.0,4.0,101.0
62.0,69.0,18.0,7.0,20.0,44.0,7.0,69.0
89.0,90.0,7.0,8.402852049910873,13.0,13.0,29.813642756680732,90.0
60.0,46.0,12.0,3.0,8.0,36.0,4.0,60.0
43.0,45.0,22.0,8.402852049910873,10.0,89.0,29.813642756680732,89.0
114.0,101.0,23.0,5.0,10.0,44.0,11.0,114.0
61.0,57.0,8.0,1.0,9.0,51.29509283819629,7.0,61.0
60.0,62.0,40.0,3.0,4.0,22.0,13.0,62.0
182.89870689655172,141.6742671009772,12.0,3.0,19.0,33.0,4.0,101.0
47.0,46.0,17.0,7.0,16.0,51.0,6.0,51.0
62.0,72.0,7.0,8.402852049910873,13.0,10.0,29.813642756680732,72.0
61.0,47.0,12.0,3.0,9.0,35.0,4.0,61.0
47.0,48.0,23.0,8.402852049910873,10.0,89.0,29.813642756680732,89.0
117.0,102.0,24.0,5.0,10.0,41.0,12.0,117.0
61.0,57.0,8.0,1.0,9.0,51.29509283819629,8.0,61.0
60.0,62.0,40.0,3.0,4.0,22.0,13.0,62.0
182.89870689655172,141.6742671009772,12.0,3.0,19.0,30.0,5.0,101.0
45.0,44.0,17.0,7.0,16.0,51.0,7.0,51.0
62.0,73.0,7.0,8.402852049910873,13.0,10.0,29.813642756680732,73.0
107.0,98.0,44.0,10.0,10.0,64.0,49.0,107.0
76.0,95.0,18.0,3.0,21.0,29.0,46.0,95.0
317.0,279.0,40.0,12.0,31.0,59.0,50.0,317.0
61.0,92.0,48.0,7.0,13.0,29.0,61.0,92.0
116.0,154.0,88.0,8.402852049910873,16.427413411938097,72.0,26.0,154.0
87.0,100.0,51.0,12.0,17.0,57.0,42.0,100.0
223.0,157.0,28.0,8.402852049910873,9.0,42.0,37.0,223.0
129.0,119.0,39.0,7.0,10.0,41.0,50.0,129.0
161.0,122.0,27.0,6.0,10.0,30.0,71.0,161.0
115.0,110.0,32.0,10.0,8.0,91.0,25.0,115.0
161.0,119.0,34.0,11.0,11.0,47.0,82.0,161.0
74.0,92.0,21.0,2.0,21.0,21.0,82.0,92.0
287.0,223.0,51.0,8.0,48.0,39.0,60.0,287.0
83.0,119.0,61.0,10.0,8.0,20.0,73.0,119.0
182.89870689655172,141.6742671009772,46.5886925795053,8.402852049910873,16.427413411938097,32.0,56.0,137.0
186.0,146.0,68.0,25.0,30.0,65.0,50.0,186.0
223.0,206.0,29.0,8.402852049910873,11.0,60.0,37.0,223.0
137.0,131.0,34.0,7.0,10.0,30.0,54.0,137.0
124.0,109.0,26.0,5.0,8.0,34.0,92.0,124.0
118.0,119.0,36.0,11.0,9.0,47.0,47.0,119.0
74.0,78.0,39.0,10.0,9.0,39.0,56.0,78.0
61.0,83.0,19.0,4.0,19.0,23.0,40.0,83.0
271.0,204.0,45.0,9.0,36.0,59.0,33.0,271.0
70.0,102.0,52.0,8.0,11.0,27.0,56.0,102.0
147.0,144.0,67.0,6.0,12.0,25.0,38.0,147.0
118.0,120.0,69.0,22.0,18.0,31.0,40.0,120.0
218.0,200.0,34.0,8.402852049910873,11.0,69.0,25.0,218.0
95.0,104.0,36.0,6.0,10.0,24.0,35.0,104.0
130.0,96.0,29.0,5.0,10.0,33.0,56.0,130.0
112.0,118.0,38.0,11.0,8.0,54.0,27.0,118.0
73.0,77.0,44.0,10.0,9.0,33.0,65.0,77.0
59.0,82.0,20.0,5.0,21.0,21.0,58.0,82.0
275.0,206.0,41.0,10.0,37.0,48.0,45.0,275.0
70.0,104.0,53.0,8.0,14.0,26.0,58.0,104.0
144.0,141.0,68.0,6.0,13.0,22.0,46.0,144.0
115.0,119.0,72.0,23.0,17.0,59.0,40.0,119.0
217.0,201.0,33.0,8.402852049910873,12.0,68.0,45.0,217.0
91.0,99.0,36.0,6.0,10.0,21.0,58.0,99.0
126.0,93.0,29.0,5.0,10.0,28.0,82.0,126.0
111.0,116.0,39.0,12.0,8.0,71.0,36.0,116.0
87.0,94.0,49.0,11.0,10.0,42.0,34.0,94.0
61.0,82.0,20.0,5.0,20.0,26.0,34.0,82.0
278.0,201.0,38.0,10.0,40.0,47.0,25.0,278.0
70.0,100.0,46.0,7.0,15.0,28.0,45.0,100.0
128.0,137.0,71.0,6.0,14.0,44.0,27.0,137.0
108.0,116.0,72.0,23.0,17.0,73.0,34.0,116.0
186.0,169.0,31.0,8.402852049910873,10.0,71.0,41.0,186.0
81.0,97.0,35.0,7.0,11.0,39.0,36.0,97.0
110.0,91.0,29.0,5.0,9.0,27.0,51.0,110.0
106.0,116.0,39.0,13.0,9.0,105.0,17.0,116.0
90.0,96.0,51.0,11.0,11.0,42.0,26.0,96.0
61.0,81.0,21.0,5.0,19.0,26.0,27.0,81.0
272.0,197.0,38.0,10.0,40.0,48.0,21.0,272.0
68.0,98.0,44.0,7.0,15.0,29.0,43.0,98.0
122.0,135.0,71.0,6.0,14.0,50.0,23.0,135.0
104.0,113.0,70.0,22.0,16.0,68.0,33.0,113.0
175.0,156.0,30.0,8.402852049910873,10.0,74.0,35.0,175.0
80.0,95.0,35.0,6.0,11.0,43.0,30.0,95.0
109.0,91.0,29.0,5.0,9.0,28.0,42.0,109.0
102.0,114.0,38.0,13.0,8.0,111.0,11.0,114.0
92.0,104.0,53.0,11.0,11.0,35.0,30.0,104.0
66.0,86.0,24.0,4.0,22.0,23.0,34.0,86.0
203.0,143.0,30.0,12.0,49.0,45.0,24.0,203.0
63.0,94.0,29.0,5.0,14.0,49.0,52.0,94.0
108.0,122.0,66.0,6.0,13.0,23.0,34.0,122.0
77.0,94.0,58.0,16.0,19.0,39.0,60.0,94.0
204.0,156.0,24.0,8.402852049910873,11.0,180.0,24.0,204.0
121.0,123.0,32.0,5.0,10.0,34.0,21.0,123.0
144.0,104.0,28.0,5.0,8.0,35.0,30.0,144.0
88.0,107.0,39.0,13.0,8.0,47.0,18.0,107.0
93.0,105.0,52.0,11.0,11.0,32.0,38.0,105.0
66.0,87.0,24.0,4.0,23.0,22.0,39.0,87.0
209.0,142.0,30.0,11.0,49.0,49.0,27.0,209.0
63.0,94.0,29.0,5.0,13.0,48.0,51.0,94.0
107.0,121.0,65.0,6.0,13.0,22.0,37.0,121.0
77.0,93.0,58.0,16.0,18.0,40.0,61.0,93.0
206.0,156.0,23.0,8.402852049910873,11.0,70.0,29.0,206.0
123.0,127.0,32.0,5.0,10.0,33.0,28.0,127.0
149.0,107.0,28.0,5.0,7.0,35.0,38.0,149.0
88.0,107.0,39.0,13.0,8.0,50.0,25.0,107.0
81.0,141.6742671009772,21.0,8.402852049910873,7.0,60.0,26.0,81.0
182.89870689655172,141.6742671009772,46.5886925795053,8.402852049910873,16.427413411938097,18.0,38.0,52.0
68.0,141.6742671009772,31.0,19.0,9.0,87.0,29.813642756680732,87.0
36.0,141.6742671009772,1.0,8.402852049910873,7.0,22.0,20.0,36.0
51.0,43.0,46.5886925795053,8.402852049910873,16.427413411938097,20.0,23.0,51.0
84.0,141.6742671009772,14.0,8.402852049910873,11.0,26.0,44.0,84.0
25.0,30.0,7.0,14.0,18.0,19.0,38.0,38.0
34.0,141.6742671009772,18.0,10.0,5.0,96.0,29.813642756680732,96.0
21.0,141.6742671009772,4.0,8.402852049910873,5.0,23.0,27.0,27.0
59.0,43.0,56.0,8.402852049910873,7.0,7.0,39.0,59.0
42.0,141.6742671009772,18.0,8.402852049910873,10.0,46.0,21.0,46.0
29.0,28.0,5.0,12.0,14.0,15.0,38.0,38.0
37.0,141.6742671009772,19.0,10.0,5.0,100.0,29.813642756680732,100.0
28.0,141.6742671009772,5.0,8.402852049910873,6.0,23.0,17.0,28.0
59.0,42.0,46.5886925795053,2.0,10.0,10.0,34.0,59.0
40.0,141.6742671009772,18.0,8.402852049910873,11.0,45.0,17.0,45.0
30.0,27.0,5.0,12.0,16.0,16.0,38.0,38.0
37.0,141.6742671009772,19.0,11.0,5.0,99.0,29.813642756680732,99.0
27.0,141.6742671009772,5.0,8.402852049910873,6.0,23.0,24.0,27.0
66.0,48.0,46.5886925795053,2.0,10.0,11.0,45.0,66.0
41.0,141.6742671009772,18.0,8.402852049910873,9.0,39.0,16.0,41.0
28.0,26.0,6.0,13.0,18.0,17.0,38.0,38.0
37.0,141.6742671009772,22.0,12.0,6.0,92.0,29.813642756680732,92.0
25.0,141.6742671009772,6.0,8.402852049910873,7.0,23.0,19.0,25.0
56.0,45.0,46.5886925795053,2.0,11.0,12.0,40.0,56.0
41.0,141.6742671009772,18.0,8.402852049910873,9.0,28.0,10.0,41.0
28.0,26.0,6.0,13.0,18.0,17.0,38.0,38.0
37.0,141.6742671009772,25.0,13.0,6.0,85.0,29.813642756680732,85.0
25.0,141.6742671009772,6.0,8.402852049910873,7.0,23.0,16.0,25.0
54.0,44.0,46.5886925795053,2.0,11.0,12.0,35.0,54.0
32.0,141.6742671009772,19.0,8.402852049910873,6.0,23.0,21.0,32.0
39.0,32.0,6.0,12.0,24.0,15.0,38.0,39.0
65.0,141.6742671009772,29.0,15.0,16.427413411938097,52.0,29.813642756680732,65.0
25.0,141.6742671009772,5.0,8.402852049910873,6.0,23.0,30.0,30.0
51.0,44.0,46.5886925795053,3.0,11.0,12.0,26.0,51.0
35.0,141.6742671009772,19.0,8.402852049910873,6.0,23.0,23.0,35.0
41.0,33.0,6.0,12.0,27.0,16.0,38.0,41.0
67.0,141.6742671009772,30.0,15.0,16.427413411938097,46.0,29.813642756680732,67.0
26.0,141.6742671009772,5.0,8.402852049910873,6.0,23.0,34.0,34.0
51.0,43.0,46.5886925795053,3.0,11.0,11.0,31.0,51.0
53.0,60.0,25.0,5.0,6.0,22.0,33.0,60.0
28.0,48.0,30.0,5.0,3.0,29.0,29.0,48.0
182.89870689655172,141.6742671009772,46.5886925795053,8.402852049910873,16.427413411938097,19.0,34.0,101.0
59.0,60.0,40.0,1.0,9.0,26.0,20.0,60.0
71.0,141.6742671009772,40.0,8.402852049910873,17.0,40.0,32.0,71.0
76.0,65.0,46.0,3.0,1.0,26.0,28.0,76.0
100.0,86.0,27.0,5.0,19.0,18.0,42.0,100.0
85.0,98.0,36.0,5.0,9.0,12.0,33.0,98.0
102.0,104.0,33.0,4.0,31.0,24.0,43.0,104.0
109.0,105.0,48.0,8.402852049910873,19.0,23.0,26.0,109.0
116.0,141.6742671009772,28.0,8.402852049910873,26.0,40.0,61.0,116.0
166.0,126.0,66.0,3.0,3.0,44.0,31.0,166.0
105.0,92.0,31.0,4.0,19.0,24.0,35.0,105.0
95.0,95.0,40.0,5.0,11.0,60.0,32.0,95.0
115.0,114.0,38.0,3.0,35.0,30.0,39.0,115.0
122.0,112.0,53.0,8.402852049910873,20.0,28.0,24.0,122.0
182.89870689655172,141.6742671009772,46.5886925795053,8.402852049910873,16.427413411938097,51.0,40.0,101.0
148.0,119.0,68.0,3.0,3.0,28.0,25.0,148.0
104.0,94.0,34.0,4.0,19.0,24.0,39.0,104.0
88.0,92.0,37.0,5.0,10.0,69.0,38.0,92.0
112.0,110.0,37.0,3.0,34.0,29.0,47.0,112.0
116.0,107.0,51.0,8.402852049910873,20.0,23.0,32.0,116.0
182.89870689655172,141.6742671009772,46.5886925795053,8.402852049910873,16.427413411938097,45.0,42.0,101.0
139.0,114.0,66.0,3.0,3.0,32.0,29.0,139.0
92.0,91.0,37.0,4.0,14.0,31.0,30.0,92.0
74.0,87.0,37.0,5.0,8.0,61.0,28.0,87.0
100.0,98.0,33.0,3.0,25.0,28.0,37.0,100.0
101.0,100.0,49.0,8.402852049910873,16.0,22.0,25.0,101.0
104.0,141.6742671009772,54.0,8.402852049910873,21.0,40.0,30.0,104.0
139.0,110.0,66.0,3.0,3.0,49.0,25.0,139.0
90.0,90.0,37.0,4.0,12.0,31.0,28.0,90.0
72.0,86.0,38.0,5.0,7.0,51.29509283819629,26.0,86.0
96.0,96.0,32.0,3.0,24.0,28.0,34.0,96.0
97.0,99.0,48.0,8.402852049910873,15.0,23.0,22.0,99.0
105.0,141.6742671009772,54.0,8.402852049910873,20.0,40.0,27.0,105.0
137.0,109.0,67.0,3.0,2.0,51.0,23.0,137.0
87.0,87.0,34.0,4.0,3.0,27.0,31.0,87.0
60.0,79.0,32.0,5.0,3.0,51.29509283819629,27.0,79.0
182.89870689655172,141.6742671009772,46.5886925795053,8.402852049910873,16.427413411938097,25.0,37.0,101.0
71.0,81.0,38.0,1.0,5.0,23.0,23.0,81.0
101.0,141.6742671009772,42.0,8.402852049910873,16.0,43.0,32.0,101.0
122.0,101.0,62.0,4.0,2.0,35.0,25.0,122.0
87.0,87.0,34.0,4.0,3.0,28.0,32.0,87.0
60.0,79.0,32.0,5.0,3.0,51.29509283819629,28.0,79.0
182.89870689655172,141.6742671009772,46.5886925795053,8.402852049910873,16.427413411938097,25.0,38.0,101.0
70.0,79.0,38.0,1.0,5.0,23.0,25.0,79.0
99.0,141.6742671009772,42.0,8.402852049910873,16.0,43.0,34.0,99.0
123.0,102.0,62.0,4.0,2.0,38.0,26.0,123.0
235.0,201.0,30.0,6.0,11.0,49.0,58.0,235.0
247.0,151.0,76.0,22.0,55.0,60.0,103.0,247.0
182.89870689655172,294.0,92.0,20.0,27.0,84.0,18.0,294.0
339.0,298.0,75.0,22.0,19.0,82.0,24.0,339.0
182.89870689655172,242.0,79.0,17.0,15.0,172.0,16.0,242.0
324.0,285.0,80.0,13.0,6.0,82.0,12.0,324.0
278.0,255.0,83.0,19.0,27.0,60.0,18.0,278.0
300.0,314.0,117.0,18.0,12.0,36.0,9.0,314.0
71.0,135.0,81.0,16.0,14.0,21.0,1.0,135.0
281.0,141.6742671009772,53.0,8.402852049910873,11.0,51.29509283819629,25.0,281.0
216.0,141.6742671009772,240.0,8.402852049910873,4.0,54.0,6.0,240.0
261.0,141.6742671009772,39.0,8.402852049910873,18.0,51.29509283819629,15.0,261.0
167.0,141.6742671009772,43.0,8.402852049910873,10.0,122.0,39.0,167.0
360.0,141.6742671009772,33.0,8.0,12.0,75.0,29.813642756680732,360.0
202.0,164.0,48.0,14.0,14.0,66.0,19.0,202.0
208.0,203.0,46.5886925795053,8.402852049910873,16.0,66.0,54.0,208.0
182.89870689655172,141.6742671009772,46.5886925795053,8.402852049910873,16.427413411938097,32.0,16.0,280.0
159.0,128.0,66.0,12.0,11.0,42.0,5.0,159.0
328.0,315.0,64.0,12.0,27.0,59.0,2.0,328.0
303.0,264.0,23.0,8.402852049910873,16.427413411938097,175.0,19.0,303.0
330.0,289.0,95.0,18.0,22.0,69.0,27.0,330.0
291.0,232.0,88.0,16.0,16.0,109.0,7.0,291.0
198.0,141.6742671009772,60.0,8.402852049910873,21.0,51.29509283819629,29.0,198.0
264.0,141.6742671009772,66.0,8.402852049910873,26.0,84.0,6.0,264.0
331.0,221.0,30.0,5.0,10.0,61.0,93.0,331.0
328.0,195.0,88.0,15.0,30.0,50.0,206.0,328.0
345.0,243.0,106.0,17.0,24.0,49.0,45.0,345.0
357.0,268.0,65.0,18.0,11.0,52.0,29.813642756680732,357.0
371.0,237.0,81.0,17.0,14.0,50.0,52.0,371.0
357.0,265.0,98.0,13.0,11.0,64.0,45.0,357.0
349.0,280.0,86.0,15.0,13.0,47.0,50.0,349.0
321.0,264.0,79.0,18.0,8.0,50.0,21.0,321.0
108.0,191.0,103.0,14.0,10.0,20.0,1.0,191.0
252.0,141.6742671009772,61.0,8.402852049910873,18.0,51.29509283819629,37.0,252.0
132.0,141.6742671009772,169.0,8.402852049910873,8.0,42.0,1.0,169.0
146.0,141.6742671009772,49.0,8.402852049910873,20.0,51.29509283819629,25.0,146.0
199.0,141.6742671009772,36.0,8.402852049910873,11.0,110.0,55.0,199.0
242.0,141.6742671009772,33.0,8.0,8.0,92.0,29.813642756680732,242.0
254.0,193.0,53.0,16.0,14.0,44.0,26.0,254.0
241.0,223.0,41.0,14.0,19.0,39.0,64.0,241.0
332.0,199.0,92.0,12.0,30.0,24.0,39.0,332.0
182.89870689655172,141.6742671009772,46.5886925795053,8.402852049910873,16.427413411938097,51.29509283819629,29.813642756680732,280.0
308.0,213.0,64.0,10.0,21.0,63.0,2.0,308.0
353.0,249.0,29.0,8.402852049910873,16.427413411938097,52.0,33.0,353.0
362.0,245.0,100.0,15.0,14.0,51.29509283819629,61.0,362.0
318.0,200.0,86.0,14.0,15.0,61.0,17.0,318.0
142.0,141.6742671009772,56.0,8.402852049910873,16.0,51.29509283819629,32.0,142.0
319.0,141.6742671009772,71.0,8.402852049910873,28.0,86.0,8.0,319.0
336.0,204.0,26.0,5.0,12.0,80.0,14.0,336.0
323.0,187.0,85.0,14.0,29.0,48.0,50.0,323.0
330.0,247.0,105.0,17.0,29.0,68.0,29.0,330.0
351.0,248.0,62.0,19.0,12.0,66.0,29.0,351.0
355.0,218.0,86.0,16.0,27.0,76.0,86.0,355.0
353.0,259.0,89.0,12.0,17.0,97.0,116.0,353.0
326.0,234.0,84.0,15.0,17.0,81.0,15.0,326.0
321.0,264.0,72.0,17.0,7.0,84.0,9.0,321.0
149.0,192.0,98.0,15.0,11.0,25.0,2.0,192.0
296.0,141.6742671009772,74.0,8.402852049910873,44.0,51.29509283819629,37.0,296.0
186.0,141.6742671009772,220.0,8.402852049910873,17.0,41.0,1.0,220.0
219.0,141.6742671009772,63.0,8.402852049910873,23.0,51.29509283819629,19.0,219.0
274.0,141.6742671009772,36.0,8.402852049910873,14.0,107.0,43.0,274.0
355.0,141.6742671009772,33.0,8.0,19.0,97.0,29.813642756680732,355.0
244.0,186.0,53.0,17.0,15.0,69.0,6.0,244.0
232.0,225.0,46.0,15.0,21.0,50.0,18.0,232.0
357.0,186.0,101.0,13.0,28.0,35.0,13.0,357.0
182.89870689655172,141.6742671009772,46.5886925795053,8.402852049910873,16.427413411938097,112.0,29.813642756680732,280.0
314.0,221.0,66.0,10.0,17.0,95.0,2.0,314.0
347.0,257.0,29.0,8.402852049910873,16.427413411938097,86.0,36.0,347.0
361.0,245.0,105.0,15.0,16.0,74.0,15.0,361.0
325.0,212.0,94.0,12.0,15.0,105.0,19.0,325.0
188.0,141.6742671009772,58.0,8.402852049910873,17.0,51.29509283819629,44.0,188.0
323.0,141.6742671009772,73.0,8.402852049910873,29.0,102.0,7.0,323.0
343.0,202.0,27.0,5.0,12.0,81.0,24.0,343.0
327.0,188.0,83.0,15.0,29.0,58.0,74.0,327.0
343.0,245.0,105.0,17.0,28.0,61.0,25.0,343.0
363.0,250.0,64.0,19.0,12.0,66.0,30.0,363.0
361.0,217.0,86.0,17.0,27.0,75.0,29.0,361.0
358.0,257.0,89.0,12.0,17.0,83.0,101.0,358.0
336.0,238.0,88.0,15.0,19.0,68.0,21.0,336.0
329.0,269.0,74.0,17.0,7.0,75.0,10.0,329.0
157.0,199.0,98.0,16.0,11.0,22.0,1.0,199.0
278.0,141.6742671009772,79.0,8.402852049910873,41.0,51.29509283819629,41.0,278.0
177.0,141.6742671009772,226.0,8.402852049910873,18.0,28.0,1.0,226.0
218.0,141.6742671009772,62.0,8.402852049910873,23.0,51.29509283819629,23.0,218.0
269.0,141.6742671009772,40.0,8.402852049910873,15.0,200.0,46.0,269.0
348.0,141.6742671009772,33.0,8.0,20.0,96.0,29.813642756680732,348.0
252.0,186.0,55.0,18.0,15.0,85.0,6.0,252.0
249.0,228.0,47.0,15.0,21.0,54.0,21.0,249.0
354.0,184.0,103.0,13.0,24.0,32.0,13.0,354.0
182.89870689655172,141.6742671009772,46.5886925795053,8.402852049910873,16.427413411938097,98.0,29.813642756680732,280.0
323.0,225.0,68.0,10.0,17.0,81.0,2.0,323.0
354.0,257.0,29.0,8.402852049910873,16.427413411938097,74.0,39.0,354.0
369.0,247.0,106.0,15.0,17.0,62.0,46.0,369.0
335.0,214.0,96.0,12.0,15.0,104.0,21.0,335.0
190.0,141.6742671009772,58.0,8.402852049910873,17.0,51.29509283819629,62.0,190.0
308.0,141.6742671009772,74.0,8.402852049910873,29.0,87.0,6.0,308.0
306.0,178.0,26.0,5.0,11.0,68.0,36.0,306.0
326.0,187.0,75.0,15.0,30.0,32.0,64.0,326.0
323.0,210.0,97.0,17.0,27.0,56.0,15.0,323.0
345.0,225.0,62.0,18.0,11.0,56.0,23.0,345.0
340.0,189.0,78.0,17.0,24.0,71.0,7.0,340.0
342.0,230.0,85.0,12.0,18.0,61.0,27.0,342.0
336.0,231.0,89.0,16.0,21.0,59.0,12.0,336.0
319.0,256.0,76.0,17.0,7.0,53.0,6.0,319.0
152.0,189.0,96.0,17.0,11.0,25.0,1.0,189.0
280.0,141.6742671009772,90.0,8.402852049910873,40.0,51.29509283819629,19.0,280.0
187.0,141.6742671009772,201.0,8.402852049910873,19.0,43.0,2.0,201.0
202.0,141.6742671009772,54.0,8.402852049910873,21.0,51.29509283819629,20.0,202.0
272.0,141.6742671009772,41.0,8.402852049910873,17.0,150.0,40.0,272.0
362.0,141.6742671009772,36.0,8.0,22.0,106.0,29.813642756680732,362.0
215.0,164.0,55.0,17.0,13.0,81.0,5.0,215.0
216.0,202.0,40.0,15.0,19.0,45.0,24.0,216.0
288.0,153.0,93.0,13.0,18.0,25.0,15.0,288.0
182.89870689655172,141.6742671009772,46.5886925795053,8.402852049910873,16.427413411938097,90.0,29.813642756680732,280.0
316.0,218.0,65.0,10.0,16.0,68.0,2.0,316.0
327.0,233.0,26.0,8.402852049910873,16.427413411938097,49.0,19.0,327.0
355.0,228.0,99.0,15.0,19.0,35.0,55.0,355.0
321.0,200.0,90.0,12.0,14.0,93.0,12.0,321.0
211.0,141.6742671009772,60.0,8.402852049910873,22.0,51.29509283819629,39.0,211.0
298.0,141.6742671009772,74.0,8.402852049910873,28.0,74.0,5.0,298.0
298.0,174.0,26.0,5.0,11.0,67.0,36.0,298.0
319.0,183.0,72.0,15.0,31.0,26.0,59.0,319.0
317.0,203.0,96.0,16.0,26.0,57.0,13.0,317.0
340.0,222.0,63.0,18.0,11.0,55.0,19.0,340.0
337.0,185.0,76.0,17.0,24.0,70.0,7.0,337.0
337.0,224.0,85.0,12.0,18.0,62.0,26.0,337.0
333.0,225.0,89.0,16.0,21.0,59.0,10.0,333.0
314.0,251.0,77.0,17.0,7.0,50.0,5.0,314.0
150.0,187.0,95.0,17.0,11.0,24.0,1.0,187.0
283.0,141.6742671009772,93.0,8.402852049910873,40.0,51.29509283819629,13.0,283.0
190.0,141.6742671009772,204.0,8.402852049910873,19.0,45.0,2.0,204.0
196.0,141.6742671009772,53.0,8.402852049910873,20.0,51.29509283819629,16.0,196.0
271.0,141.6742671009772,40.0,8.402852049910873,17.0,159.0,38.0,271.0
361.0,141.6742671009772,40.0,8.0,23.0,97.0,29.813642756680732,361.0
208.0,162.0,55.0,17.0,13.0,83.0,5.0,208.0
210.0,196.0,39.0,15.0,18.0,44.0,23.0,210.0
276.0,148.0,91.0,12.0,17.0,24.0,15.0,276.0
182.89870689655172,141.6742671009772,46.5886925795053,8.402852049910873,16.427413411938097,90.0,29.813642756680732,280.0
312.0,215.0,64.0,10.0,16.0,67.0,2.0,312.0
319.0,225.0,26.0,8.402852049910873,16.427413411938097,49.0,16.0,319.0
350.0,222.0,97.0,15.0,19.0,35.0,51.0,350.0
314.0,194.0,87.0,12.0,14.0,89.0,9.0,314.0
220.0,141.6742671009772,60.0,8.402852049910873,23.0,51.29509283819629,30.0,220.0
236.0,141.6742671009772,77.0,8.402852049910873,29.0,66.0,5.0,236.0
203.0,113.0,19.0,5.0,7.0,65.0,23.0,203.0
264.0,140.0,45.0,15.0,28.0,71.0,36.0,264.0
284.0,147.0,75.0,14.0,17.0,59.0,13.0,284.0
290.0,152.0,49.0,15.0,10.0,54.0,9.0,290.0
307.0,136.0,51.0,17.0,10.0,47.0,5.0,307.0
294.0,153.0,70.0,11.0,16.0,63.0,19.0,294.0
262.0,145.0,75.0,18.0,20.0,66.0,7.0,262.0
273.0,185.0,71.0,16.0,9.0,50.0,5.0,273.0
95.0,136.0,81.0,19.0,10.0,25.0,1.0,136.0
325.0,141.6742671009772,95.0,8.402852049910873,23.0,51.29509283819629,24.0,325.0
254.0,141.6742671009772,247.0,8.402852049910873,10.0,45.0,1.0,254.0
182.89870689655172,141.6742671009772,46.5886925795053,8.402852049910873,16.427413411938097,51.29509283819629,17.0,280.0
249.0,141.6742671009772,42.0,8.402852049910873,15.0,100.0,36.0,249.0
375.0,141.6742671009772,89.0,8.0,44.0,84.0,29.813642756680732,375.0
125.0,119.0,40.0,13.0,13.0,36.0,10.0,125.0
128.0,131.0,22.0,12.0,15.0,35.0,15.0,131.0
137.0,108.0,66.0,10.0,14.0,20.0,17.0,137.0
182.89870689655172,141.6742671009772,46.5886925795053,8.402852049910873,16.427413411938097,48.0,29.813642756680732,280.0
240.0,140.0,48.0,8.0,18.0,53.0,3.0,240.0
274.0,147.0,16.0,8.402852049910873,16.427413411938097,58.0,12.0,274.0
297.0,150.0,69.0,13.0,24.0,28.0,13.0,297.0
270.0,139.0,57.0,12.0,14.0,91.0,5.0,270.0
352.0,141.6742671009772,69.0,8.402852049910873,26.0,51.29509283819629,30.0,352.0
234.0,141.6742671009772,76.0,8.402852049910873,28.0,65.0,6.0,234.0
197.0,108.0,19.0,5.0,6.0,65.0,28.0,197.0
266.0,140.0,44.0,15.0,27.0,59.0,43.0,266.0
286.0,148.0,76.0,14.0,16.0,61.0,13.0,286.0
291.0,152.0,50.0,15.0,10.0,55.0,12.0,291.0
308.0,137.0,52.0,17.0,11.0,50.0,6.0,308.0
295.0,153.0,70.0,11.0,16.0,65.0,19.0,295.0
263.0,143.0,74.0,18.0,19.0,67.0,10.0,263.0
277.0,184.0,71.0,16.0,10.0,47.0,5.0,277.0
86.0,134.0,82.0,19.0,10.0,25.0,1.0,134.0
331.0,141.6742671009772,95.0,8.402852049910873,23.0,51.29509283819629,29.0,331.0
265.0,141.6742671009772,247.0,8.402852049910873,10.0,45.0,1.0,265.0
182.89870689655172,141.6742671009772,46.5886925795053,8.402852049910873,16.427413411938097,51.29509283819629,17.0,280.0
249.0,141.6742671009772,41.0,8.402852049910873,16.0,100.0,37.0,249.0
375.0,141.6742671009772,93.0,8.0,44.0,82.0,29.813642756680732,375.0
119.0,116.0,39.0,13.0,13.0,36.0,11.0,119.0
121.0,128.0,21.0,12.0,14.0,34.0,16.0,128.0
124.0,105.0,64.0,10.0,14.0,26.0,17.0,124.0
182.89870689655172,141.6742671009772,46.5886925795053,8.402852049910873,16.427413411938097,48.0,29.813642756680732,280.0
240.0,139.0,48.0,8.0,18.0,52.0,3.0,240.0
274.0,145.0,16.0,8.402852049910873,16.427413411938097,60.0,13.0,274.0
300.0,151.0,70.0,13.0,24.0,33.0,14.0,300.0
273.0,140.0,58.0,13.0,14.0,95.0,5.0,273.0
353.0,141.6742671009772,69.0,8.402852049910873,26.0,51.29509283819629,40.0,353.0
95.0,80.0,42.0,11.0,19.0,26.0,24.0,95.0
137.0,105.0,54.0,8.0,20.0,23.0,23.0,137.0
184.0,138.0,57.0,8.0,35.0,33.0,20.0,184.0
126.0,92.0,70.0,7.0,8.0,26.0,6.0,126.0
128.0,91.0,31.0,9.0,7.0,31.0,15.0,128.0
98.0,102.0,32.0,8.0,51.0,22.0,6.0,102.0
158.0,113.0,66.0,6.0,8.0,34.0,11.0,158.0
106.0,85.0,46.0,8.0,8.0,23.0,6.0,106.0
133.0,134.0,59.0,14.0,20.0,23.0,21.0,134.0
103.0,77.0,60.0,3.0,9.0,23.0,14.0,103.0
182.89870689655172,141.6742671009772,46.5886925795053,8.402852049910873,16.427413411938097,75.0,7.0,203.0
117.0,104.0,55.0,12.0,6.0,37.0,24.0,117.0
97.0,86.0,36.0,8.0,13.0,17.0,49.0,97.0
211.0,182.0,64.0,9.0,26.0,23.0,20.0,211.0
345.0,258.0,82.0,6.0,51.0,30.0,20.0,345.0
225.0,127.0,49.0,6.0,6.0,20.0,16.0,225.0
189.0,113.0,28.0,9.0,4.0,31.0,22.0,189.0
180.0,137.0,43.0,12.0,40.0,23.0,19.0,180.0
192.0,155.0,57.0,5.0,7.0,32.0,32.0,192.0
148.0,117.0,39.0,6.0,10.0,36.0,5.0,148.0
254.0,241.0,75.0,16.0,24.0,26.0,18.0,254.0
127.0,128.0,93.0,3.0,13.0,23.0,18.0,128.0
192.0,164.0,24.0,8.0,6.0,103.0,24.0,192.0
172.0,117.0,54.0,7.0,5.0,24.0,30.0,172.0
124.0,107.0,58.0,9.0,13.0,38.0,47.0,124.0
182.89870689655172,141.6742671009772,46.5886925795053,8.402852049910873,22.0,51.29509283819629,13.0,203.0
228.0,179.0,68.0,10.0,21.0,15.0,48.0,228.0
358.0,312.0,80.0,5.0,31.0,35.0,39.0,358.0
208.0,121.0,59.0,5.0,7.0,20.0,40.0,208.0
182.89870689655172,141.6742671009772,29.0,9.0,5.0,32.0,42.0,203.0
177.0,115.0,38.0,11.0,40.0,25.0,56.0,177.0
241.0,174.0,58.0,5.0,9.0,45.0,49.0,241.0
213.0,139.0,45.0,7.0,11.0,57.0,6.0,213.0
227.0,206.0,71.0,15.0,17.0,23.0,43.0,227.0
179.0,143.0,109.0,3.0,14.0,24.0,35.0,179.0
226.0,160.0,25.0,9.0,8.0,118.0,57.0,226.0
214.0,168.0,57.0,7.0,5.0,22.0,22.0,214.0
128.0,110.0,57.0,9.0,14.0,30.0,62.0,128.0
182.89870689655172,141.6742671009772,46.5886925795053,8.402852049910873,22.0,51.29509283819629,17.0,203.0
229.0,179.0,68.0,10.0,21.0,12.0,67.0,229.0
346.0,317.0,80.0,5.0,32.0,20.0,52.0,346.0
207.0,119.0,60.0,5.0,7.0,10.0,58.0,207.0
182.89870689655172,141.6742671009772,30.0,9.0,5.0,23.0,60.0,203.0
170.0,114.0,38.0,11.0,40.0,14.0,67.0,170.0
239.0,174.0,60.0,4.0,9.0,27.0,64.0,239.0
221.0,144.0,46.0,7.0,11.0,38.0,7.0,221.0
232.0,210.0,71.0,14.0,16.0,20.0,61.0,232.0
177.0,142.0,107.0,3.0,14.0,19.0,50.0,177.0
222.0,159.0,27.0,9.0,9.0,117.0,78.0,222.0
222.0,172.0,58.0,8.0,5.0,29.0,31.0,222.0
148.0,119.0,57.0,9.0,15.0,42.0,40.0,148.0
182.89870689655172,141.6742671009772,46.5886925795053,8.402852049910873,22.0,51.29509283819629,12.0,203.0
222.0,176.0,74.0,9.0,22.0,39.0,36.0,222.0
334.0,329.0,82.0,6.0,31.0,51.0,34.0,334.0
224.0,126.0,70.0,5.0,8.0,36.0,29.0,224.0
182.89870689655172,141.6742671009772,39.0,9.0,6.0,60.0,33.0,203.0
156.0,112.0,43.0,10.0,40.0,31.0,36.0,156.0
245.0,177.0,71.0,4.0,10.0,49.0,36.0,245.0
207.0,149.0,54.0,7.0,11.0,59.0,7.0,207.0
240.0,208.0,78.0,13.0,16.0,37.0,37.0,240.0
177.0,141.0,91.0,3.0,15.0,62.0,25.0,177.0
230.0,162.0,42.0,8.0,9.0,119.0,36.0,230.0
233.0,198.0,61.0,8.0,6.0,74.0,23.0,233.0
153.0,120.0,55.0,9.0,15.0,43.0,33.0,153.0
182.89870689655172,141.6742671009772,46.5886925795053,8.402852049910873,22.0,51.29509283819629,10.0,203.0
217.0,175.0,75.0,9.0,22.0,41.0,31.0,217.0
330.0,325.0,81.0,6.0,30.0,54.0,30.0,330.0
225.0,129.0,72.0,5.0,8.0,41.0,21.0,225.0
182.89870689655172,141.6742671009772,40.0,9.0,6.0,65.0,23.0,203.0
152.0,111.0,43.0,9.0,40.0,33.0,27.0,152.0
244.0,175.0,72.0,4.0,10.0,51.0,27.0,244.0
205.0,148.0,55.0,7.0,10.0,67.0,6.0,205.0
239.0,201.0,79.0,13.0,16.0,38.0,32.0,239.0
176.0,141.0,86.0,3.0,14.0,67.0,17.0,176.0
229.0,161.0,45.0,8.0,9.0,113.0,25.0,229.0
240.0,203.0,62.0,8.0,6.0,74.0,19.0,240.0
224.0,150.0,53.0,10.0,16.0,54.0,45.0,224.0
182.89870689655172,173.0,72.0,7.0,28.0,28.0,41.0,173.0
310.0,324.0,67.0,7.0,34.0,45.0,38.0,324.0
228.0,139.0,69.0,5.0,9.0,27.0,34.0,228.0
203.0,144.0,41.0,8.0,9.0,40.0,46.0,203.0
138.0,118.0,40.0,7.0,42.0,28.0,37.0,138.0
240.0,164.0,66.0,5.0,11.0,43.0,44.0,240.0
162.0,141.0,58.0,7.0,10.0,39.0,7.0,162.0
272.0,211.0,78.0,10.0,22.0,31.0,47.0,272.0
159.0,135.0,43.0,4.0,16.0,33.0,38.0,159.0
208.0,150.0,54.0,5.0,10.0,95.0,54.0,208.0
204.0,169.0,59.0,8.0,6.0,28.0,30.0,204.0
230.0,152.0,53.0,10.0,15.0,55.0,53.0,230.0
182.89870689655172,176.0,73.0,7.0,28.0,27.0,49.0,176.0
316.0,329.0,66.0,7.0,35.0,47.0,44.0,329.0
234.0,141.0,70.0,5.0,10.0,28.0,42.0,234.0
202.0,144.0,41.0,8.0,9.0,42.0,54.0,202.0
146.0,122.0,40.0,7.0,41.0,29.0,49.0,146.0
247.0,167.0,67.0,5.0,12.0,43.0,55.0,247.0
163.0,142.0,57.0,7.0,10.0,39.0,8.0,163.0
279.0,215.0,78.0,11.0,23.0,31.0,53.0,279.0
162.0,136.0,43.0,4.0,16.0,34.0,44.0,162.0
213.0,152.0,55.0,5.0,11.0,95.0,64.0,213.0
199.0,166.0,60.0,7.0,6.0,29.0,36.0,199.0
